id,customer_id,order_date,amount,status
ord_00001,cust_0368,2025-08-29,213.14,pending
ord_00002,cust_0229,2026-01-05,34.7,completed
ord_00003,cust_0223,2025-08-23,142.67,completed
ord_00004,cust_0344,2026-05-26,311.44,completed
ord_00005,cust_0411,2025-10-14,363.7,completed
ord_00006,cust_0074,2026-06-18,409.63,pending
ord_00007,cust_0065,2026-06-16,46.26,completed
ord_00008,cust_0197,2025-12-30,456.5,completed
ord_00009,cust_0079,2025-08-28,330.76,completed
ord_00010,cust_0228,2025-12-25,369.83,cancelled
ord_00011,cust_0272,2026-04-24,185.63,completed
ord_00012,cust_0143,2025-08-05,131.07,completed
ord_00013,cust_0377,2026-06-20,101.51,cancelled
ord_00014,cust_0468,2025-12-17,276.18,completed
ord_00015,cust_0361,2026-02-20,222.52,cancelled
ord_00016,cust_0356,2026-02-07,441.16,pending
ord_00017,cust_0063,2026-03-23,78.11,completed
ord_00018,cust_0089,2025-11-14,432.89,pending
ord_00019,cust_0415,2026-05-20,332.1,completed
ord_00020,cust_0178,2025-07-27,344.94,cancelled
ord_00021,cust_0149,2025-09-29,429.47,completed
ord_00022,cust_0364,2025-07-04,446.21,completed
ord_00023,cust_0261,2025-12-30,119.27,completed
ord_00024,cust_0122,2026-04-23,382.52,completed
ord_00025,cust_0284,2025-12-31,281.11,pending
ord_00026,cust_0067,2025-09-24,299.56,completed
ord_00027,cust_0159,2026-05-31,200.14,pending
ord_00028,cust_0211,2025-10-07,372.66,cancelled
ord_00029,cust_0065,2026-05-27,467.16,completed
ord_00030,cust_0239,2025-11-15,331.25,completed
ord_00031,cust_0450,2026-04-29,400.51,cancelled
ord_00032,cust_0301,2025-08-10,99.61,completed
ord_00033,cust_0258,2025-11-24,438.48,completed
ord_00034,cust_0266,2026-05-01,86.15,completed
ord_00035,cust_0166,2026-04-12,449.65,completed
ord_00036,cust_0486,2026-01-07,452.52,completed
ord_00037,cust_0129,2026-05-24,106.28,cancelled
ord_00038,cust_0065,2026-02-13,305.64,cancelled
ord_00039,cust_0048,2025-10-03,248.7,completed
ord_00040,cust_0483,2025-09-03,285.0,completed
ord_00041,cust_0320,2025-07-31,350.09,cancelled
ord_00042,cust_0432,2026-01-12,444.63,completed
ord_00043,cust_0042,2026-06-19,36.14,cancelled
ord_00044,cust_0334,2026-02-18,113.03,cancelled
ord_00045,cust_0317,2025-12-02,312.13,pending
ord_00046,cust_0280,2025-08-16,149.7,completed
ord_00047,cust_0126,2025-10-29,389.18,pending
ord_00048,cust_0233,2026-02-01,48.93,completed
ord_00049,cust_0226,2026-04-14,208.26,pending
ord_00050,cust_0175,2026-03-21,297.1,completed
ord_00051,cust_0376,2026-01-21,474.43,completed
ord_00052,cust_0067,2025-12-11,368.71,cancelled
ord_00053,cust_0055,2025-09-19,163.39,pending
ord_00054,cust_0137,2026-05-02,224.06,completed
ord_00055,cust_0026,2026-05-15,149.95,pending
ord_00056,cust_0215,2025-08-22,130.45,completed
ord_00057,cust_0479,2026-01-17,283.62,completed
ord_00058,cust_0391,2026-03-28,89.09,cancelled
ord_00059,cust_0256,2025-11-06,423.77,pending
ord_00060,cust_0047,2026-06-22,454.53,cancelled
ord_00061,cust_0495,2025-11-11,126.94,cancelled
ord_00062,cust_0025,2026-01-04,38.5,pending
ord_00063,cust_0452,2025-09-01,406.93,pending
ord_00064,cust_0275,2026-02-07,18.8,completed
ord_00065,cust_0069,2025-11-25,425.34,completed
ord_00066,cust_0188,2025-12-09,36.04,completed
ord_00067,cust_0288,2025-09-15,105.51,cancelled
ord_00068,cust_0038,2026-02-06,194.65,pending
ord_00069,cust_0144,2025-09-25,398.77,cancelled
ord_00070,cust_0313,2025-07-20,70.25,completed
ord_00071,cust_0192,2025-12-14,384.63,completed
ord_00072,cust_0481,2025-09-21,185.01,completed
ord_00073,cust_0309,2026-03-24,251.74,cancelled
ord_00074,cust_0024,2026-06-13,33.09,completed
ord_00075,cust_0266,2025-11-03,227.5,cancelled
ord_00076,cust_0072,2025-10-13,167.5,cancelled
ord_00077,cust_0084,2026-01-21,197.72,cancelled
ord_00078,cust_0304,2026-01-31,171.41,cancelled
ord_00079,cust_0251,2025-10-04,344.56,completed
ord_00080,cust_0418,2025-11-02,22.74,completed
ord_00081,cust_0057,2025-07-24,470.65,cancelled
ord_00082,cust_0408,2026-01-27,432.93,completed
ord_00083,cust_0243,2025-09-01,138.47,cancelled
ord_00084,cust_0117,2025-09-11,350.45,cancelled
ord_00085,cust_0088,2025-10-31,258.77,cancelled
ord_00086,cust_0076,2025-12-21,397.07,completed
ord_00087,cust_0294,2026-06-17,455.92,completed
ord_00088,cust_0010,2026-03-28,220.08,pending
ord_00089,cust_0212,2026-04-17,336.08,pending
ord_00090,cust_0397,2025-10-20,299.34,pending
ord_00091,cust_0362,2026-06-02,79.21,completed
ord_00092,cust_0167,2025-09-19,479.13,pending
ord_00093,cust_0193,2025-10-07,160.89,completed
ord_00094,cust_0468,2025-11-10,262.9,cancelled
ord_00095,cust_0347,2026-01-03,373.98,completed
ord_00096,cust_0248,2025-08-25,104.4,completed
ord_00097,cust_0286,2026-02-11,153.8,completed
ord_00098,cust_0361,2026-02-06,111.38,pending
ord_00099,cust_0246,2026-01-22,177.19,completed
ord_00100,cust_0063,2026-02-06,281.67,cancelled
ord_00101,cust_0459,2025-12-21,470.77,completed
ord_00102,cust_0149,2026-04-20,34.56,completed
ord_00103,cust_0474,2026-01-07,220.7,completed
ord_00104,cust_0110,2025-10-31,108.96,cancelled
ord_00105,cust_0478,2026-02-15,276.34,completed
ord_00106,cust_0056,2026-04-24,301.29,cancelled
ord_00107,cust_0125,2026-03-03,38.61,cancelled
ord_00108,cust_0327,2026-03-10,123.27,completed
ord_00109,cust_0170,2025-12-04,348.57,completed
ord_00110,cust_0395,2025-07-20,78.92,cancelled
ord_00111,cust_0209,2026-04-14,318.6,pending
ord_00112,cust_0334,2025-11-01,107.75,completed
ord_00113,cust_0147,2026-01-20,315.34,completed
ord_00114,cust_0294,2025-08-04,122.98,completed
ord_00115,cust_0214,2026-04-05,425.24,completed
ord_00116,cust_0429,2026-06-15,199.6,pending
ord_00117,cust_0480,2026-03-30,363.29,completed
ord_00118,cust_0005,2026-06-14,153.75,cancelled
ord_00119,cust_0476,2026-05-10,472.09,completed
ord_00120,cust_0329,2025-11-13,267.63,pending
ord_00121,cust_0436,2026-04-26,249.46,completed
ord_00122,cust_0415,2026-03-27,67.38,completed
ord_00123,cust_0332,2025-11-11,134.63,completed
ord_00124,cust_0378,2026-06-26,171.76,completed
ord_00125,cust_0346,2025-09-16,367.14,completed
ord_00126,cust_0439,2025-08-25,312.01,pending
ord_00127,cust_0264,2025-11-27,167.49,pending
ord_00128,cust_0049,2025-07-26,100.92,completed
ord_00129,cust_0166,2025-11-01,450.16,completed
ord_00130,cust_0197,2026-02-20,124.52,completed
ord_00131,cust_0155,2026-01-16,285.84,cancelled
ord_00132,cust_0134,2026-06-28,318.96,completed
ord_00133,cust_0342,2026-06-02,69.97,completed
ord_00134,cust_0208,2026-04-13,334.02,completed
ord_00135,cust_0061,2025-07-15,312.0,completed
ord_00136,cust_0315,2025-12-27,117.69,completed
ord_00137,cust_0079,2025-11-01,226.57,cancelled
ord_00138,cust_0213,2025-12-24,341.4,pending
ord_00139,cust_0411,2025-10-01,323.8,completed
ord_00140,cust_0349,2026-02-27,365.95,completed
ord_00141,cust_0229,2025-10-07,260.6,completed
ord_00142,cust_0470,2026-05-25,277.34,completed
ord_00143,cust_0463,2025-09-26,250.05,cancelled
ord_00144,cust_0077,2025-10-02,91.51,cancelled
ord_00145,cust_0060,2025-11-19,331.34,cancelled
ord_00146,cust_0047,2025-10-26,432.98,pending
ord_00147,cust_0233,2026-06-05,76.35,pending
ord_00148,cust_0289,2025-11-12,41.85,pending
ord_00149,cust_0414,2025-07-24,158.3,completed
ord_00150,cust_0131,2025-12-13,394.65,completed
ord_00151,cust_0038,2025-09-10,36.06,completed
ord_00152,cust_0033,2025-07-10,266.64,completed
ord_00153,cust_0479,2026-05-29,234.51,completed
ord_00154,cust_0093,2025-12-06,372.57,pending
ord_00155,cust_0457,2025-12-24,192.85,pending
ord_00156,cust_0042,2025-12-23,332.47,cancelled
ord_00157,cust_0335,2026-04-26,415.03,completed
ord_00158,cust_0276,2026-04-03,197.77,completed
ord_00159,cust_0428,2026-03-11,16.62,completed
ord_00160,cust_0238,2026-02-01,328.18,cancelled
ord_00161,cust_0273,2025-11-28,191.36,completed
ord_00162,cust_0236,2026-02-27,175.96,completed
ord_00163,cust_0480,2026-03-29,421.97,completed
ord_00164,cust_0415,2026-06-17,321.99,cancelled
ord_00165,cust_0124,2026-06-25,110.83,completed
ord_00166,cust_0018,2025-09-02,222.6,completed
ord_00167,cust_0380,2026-02-28,35.57,pending
ord_00168,cust_0277,2026-03-06,116.03,completed
ord_00169,cust_0258,2026-04-23,476.97,completed
ord_00170,cust_0164,2025-09-12,283.53,completed
ord_00171,cust_0155,2026-03-04,422.46,cancelled
ord_00172,cust_0212,2026-03-12,154.73,completed
ord_00173,cust_0486,2025-09-21,290.13,completed
ord_00174,cust_0348,2025-08-17,213.65,pending
ord_00175,cust_0498,2026-06-09,175.15,pending
ord_00176,cust_0164,2025-10-08,338.78,pending
ord_00177,cust_0154,2026-04-18,190.05,cancelled
ord_00178,cust_0124,2025-11-03,409.94,completed
ord_00179,cust_0074,2025-07-06,389.69,completed
ord_00180,cust_0212,2025-09-19,465.02,cancelled
ord_00181,cust_0069,2025-10-05,195.61,completed
ord_00182,cust_0170,2026-03-21,315.72,pending
ord_00183,cust_0048,2025-12-26,264.07,completed
ord_00184,cust_0138,2026-06-07,190.38,cancelled
ord_00185,cust_0021,2025-08-29,421.23,completed
ord_00186,cust_0371,2025-09-06,327.22,completed
ord_00187,cust_0107,2025-10-31,419.31,completed
ord_00188,cust_0490,2026-01-29,437.68,completed
ord_00189,cust_0493,2026-03-28,359.79,pending
ord_00190,cust_0357,2026-03-01,296.05,completed
ord_00191,cust_0469,2025-12-12,126.29,completed
ord_00192,cust_0195,2026-02-09,231.81,completed
ord_00193,cust_0134,2026-01-27,182.23,pending
ord_00194,cust_0051,2025-11-07,388.31,pending
ord_00195,cust_0469,2026-01-21,109.45,completed
ord_00196,cust_0024,2025-12-04,276.57,completed
ord_00197,cust_0009,2026-04-20,136.26,cancelled
ord_00198,cust_0369,2025-09-10,209.17,completed
ord_00199,cust_0169,2026-03-25,121.96,cancelled
ord_00200,cust_0256,2026-02-28,271.05,completed
ord_00201,cust_0391,2026-02-22,397.04,pending
ord_00202,cust_0087,2025-11-10,355.74,completed
ord_00203,cust_0072,2026-04-08,349.95,pending
ord_00204,cust_0470,2026-03-31,428.55,completed
ord_00205,cust_0018,2025-10-08,405.17,completed
ord_00206,cust_0025,2025-07-26,370.42,pending
ord_00207,cust_0432,2026-04-24,308.28,completed
ord_00208,cust_0078,2025-07-06,19.25,cancelled
ord_00209,cust_0192,2025-11-12,43.11,cancelled
ord_00210,cust_0338,2025-10-29,241.85,completed
ord_00211,cust_0283,2025-10-04,206.27,completed
ord_00212,cust_0370,2025-10-05,142.75,completed
ord_00213,cust_0258,2026-06-25,393.12,pending
ord_00214,cust_0055,2026-04-03,441.89,cancelled
ord_00215,cust_0124,2026-04-18,104.25,cancelled
ord_00216,cust_0418,2026-02-24,179.82,pending
ord_00217,cust_0192,2026-05-24,461.07,pending
ord_00218,cust_0125,2025-09-17,475.46,completed
ord_00219,cust_0351,2026-01-31,400.05,completed
ord_00220,cust_0440,2025-08-03,317.2,completed
ord_00221,cust_0208,2026-05-17,191.36,cancelled
ord_00222,cust_0029,2025-11-02,311.09,completed
ord_00223,cust_0256,2026-05-22,408.08,completed
ord_00224,cust_0440,2025-09-17,467.84,cancelled
ord_00225,cust_0118,2026-06-12,113.31,cancelled
ord_00226,cust_0139,2025-11-02,36.65,completed
ord_00227,cust_0474,2025-07-18,145.37,cancelled
ord_00228,cust_0337,2025-09-18,30.3,completed
ord_00229,cust_0493,2026-06-25,111.33,completed
ord_00230,cust_0421,2025-07-04,200.21,completed
ord_00231,cust_0084,2026-01-31,277.24,cancelled
ord_00232,cust_0347,2025-12-16,431.88,completed
ord_00233,cust_0387,2025-12-19,358.98,completed
ord_00234,cust_0382,2025-10-20,468.06,completed
ord_00235,cust_0224,2026-05-14,122.95,completed
ord_00236,cust_0310,2026-01-10,372.59,cancelled
ord_00237,cust_0497,2025-12-12,374.7,completed
ord_00238,cust_0140,2025-08-13,379.35,pending
ord_00239,cust_0117,2025-10-25,180.45,pending
ord_00240,cust_0096,2025-11-24,331.06,pending
ord_00241,cust_0396,2026-05-21,302.66,completed
ord_00242,cust_0043,2026-05-27,139.61,pending
ord_00243,cust_0402,2025-07-04,309.76,pending
ord_00244,cust_0185,2026-01-22,64.55,completed
ord_00245,cust_0228,2026-01-27,182.36,completed
ord_00246,cust_0068,2026-05-12,55.59,pending
ord_00247,cust_0286,2025-11-16,272.95,pending
ord_00248,cust_0014,2026-05-12,56.67,cancelled
ord_00249,cust_0306,2026-05-17,293.09,completed
ord_00250,cust_0007,2025-12-18,150.71,pending
ord_00251,cust_0372,2026-05-21,434.03,completed
ord_00252,cust_0267,2025-09-14,93.86,pending
ord_00253,cust_0072,2026-04-08,140.05,completed
ord_00254,cust_0075,2025-10-24,44.42,pending
ord_00255,cust_0216,2026-02-12,154.38,completed
ord_00256,cust_0129,2025-12-31,454.06,pending
ord_00257,cust_0316,2025-09-02,105.93,completed
ord_00258,cust_0156,2026-04-25,18.15,pending
ord_00259,cust_0431,2026-01-14,303.39,completed
ord_00260,cust_0172,2025-11-20,215.24,cancelled
ord_00261,cust_0154,2026-04-25,164.11,completed
ord_00262,cust_0161,2025-10-31,97.6,pending
ord_00263,cust_0150,2026-01-21,356.72,pending
ord_00264,cust_0401,2025-09-12,127.73,pending
ord_00265,cust_0419,2026-02-10,380.43,completed
ord_00266,cust_0478,2026-05-06,277.19,cancelled
ord_00267,cust_0093,2025-09-27,332.0,cancelled
ord_00268,cust_0488,2026-06-20,353.15,completed
ord_00269,cust_0409,2025-11-21,150.47,completed
ord_00270,cust_0345,2025-12-06,247.18,completed
ord_00271,cust_0130,2026-03-02,321.28,pending
ord_00272,cust_0038,2025-12-22,223.82,cancelled
ord_00273,cust_0299,2025-10-31,201.37,cancelled
ord_00274,cust_0215,2025-07-14,267.8,completed
ord_00275,cust_0459,2025-07-09,392.72,cancelled
ord_00276,cust_0469,2025-08-11,54.52,completed
ord_00277,cust_0341,2025-08-01,180.08,cancelled
ord_00278,cust_0289,2026-06-11,472.38,pending
ord_00279,cust_0495,2026-01-15,385.25,completed
ord_00280,cust_0051,2026-06-28,135.31,cancelled
ord_00281,cust_0286,2025-10-11,284.94,cancelled
ord_00282,cust_0229,2026-03-12,188.97,pending
ord_00283,cust_0302,2025-07-21,336.05,completed
ord_00284,cust_0013,2026-01-08,239.49,completed
ord_00285,cust_0472,2025-12-03,462.2,completed
ord_00286,cust_0179,2026-04-22,160.03,pending
ord_00287,cust_0267,2026-03-20,239.56,pending
ord_00288,cust_0225,2026-05-15,350.73,pending
ord_00289,cust_0035,2026-01-21,154.62,completed
ord_00290,cust_0435,2026-06-22,174.53,completed
ord_00291,cust_0410,2025-07-22,91.42,completed
ord_00292,cust_0090,2025-10-12,271.64,completed
ord_00293,cust_0219,2025-09-20,460.69,completed
ord_00294,cust_0323,2025-12-08,100.77,pending
ord_00295,cust_0015,2025-12-13,357.89,completed
ord_00296,cust_0304,2025-11-15,214.74,completed
ord_00297,cust_0110,2025-07-08,110.69,completed
ord_00298,cust_0053,2025-09-11,386.77,cancelled
ord_00299,cust_0188,2026-03-30,166.58,pending
ord_00300,cust_0135,2026-05-06,326.88,pending
ord_00301,cust_0495,2025-10-06,312.19,cancelled
ord_00302,cust_0313,2025-12-17,197.53,completed
ord_00303,cust_0181,2026-01-06,408.17,cancelled
ord_00304,cust_0417,2026-04-06,328.22,completed
ord_00305,cust_0303,2025-08-23,54.41,completed
ord_00306,cust_0061,2026-01-24,125.94,completed
ord_00307,cust_0192,2026-04-01,337.45,cancelled
ord_00308,cust_0215,2025-12-17,292.34,cancelled
ord_00309,cust_0217,2025-12-19,101.38,cancelled
ord_00310,cust_0471,2025-07-13,315.05,completed
ord_00311,cust_0086,2025-09-22,242.68,completed
ord_00312,cust_0162,2026-03-30,406.52,cancelled
ord_00313,cust_0444,2026-06-06,181.95,completed
ord_00314,cust_0070,2025-10-28,105.73,pending
ord_00315,cust_0259,2025-09-19,318.68,pending
ord_00316,cust_0252,2025-07-18,208.27,pending
ord_00317,cust_0086,2025-10-26,53.44,completed
ord_00318,cust_0150,2026-03-13,30.2,completed
ord_00319,cust_0148,2025-10-01,93.22,pending
ord_00320,cust_0381,2025-09-17,374.23,pending
ord_00321,cust_0262,2025-09-25,67.64,completed
ord_00322,cust_0397,2026-02-16,267.54,completed
ord_00323,cust_0422,2025-09-29,366.91,pending
ord_00324,cust_0112,2025-09-27,475.25,completed
ord_00325,cust_0385,2025-08-03,130.1,completed
ord_00326,cust_0135,2025-11-15,177.09,completed
ord_00327,cust_0444,2025-11-21,477.19,completed
ord_00328,cust_0416,2026-03-18,357.99,completed
ord_00329,cust_0313,2025-07-05,309.24,completed
ord_00330,cust_0072,2025-08-22,379.95,completed
ord_00331,cust_0292,2026-06-03,178.13,completed
ord_00332,cust_0276,2025-09-01,93.3,completed
ord_00333,cust_0294,2026-02-05,139.31,cancelled
ord_00334,cust_0418,2025-07-21,59.28,pending
ord_00335,cust_0142,2026-06-03,418.18,completed
ord_00336,cust_0444,2025-07-09,76.7,completed
ord_00337,cust_0165,2025-07-04,400.24,pending
ord_00338,cust_0073,2025-10-26,283.5,completed
ord_00339,cust_0213,2025-08-16,189.46,completed
ord_00340,cust_0407,2025-08-13,424.26,completed
ord_00341,cust_0264,2025-12-09,363.66,completed
ord_00342,cust_0487,2025-11-13,241.94,cancelled
ord_00343,cust_0445,2026-07-02,374.97,completed
ord_00344,cust_0326,2025-11-11,323.83,completed
ord_00345,cust_0408,2026-06-01,263.51,completed
ord_00346,cust_0423,2025-11-26,113.51,completed
ord_00347,cust_0425,2026-01-19,146.87,cancelled
ord_00348,cust_0067,2025-09-11,278.26,pending
ord_00349,cust_0458,2026-01-09,332.39,completed
ord_00350,cust_0051,2026-06-10,306.17,pending
ord_00351,cust_0064,2026-06-25,447.19,completed
ord_00352,cust_0234,2025-11-20,15.31,pending
ord_00353,cust_0353,2026-03-22,437.87,completed
ord_00354,cust_0448,2026-04-13,448.72,completed
ord_00355,cust_0336,2026-05-17,182.6,completed
ord_00356,cust_0341,2025-12-25,435.27,completed
ord_00357,cust_0203,2026-06-07,305.91,completed
ord_00358,cust_0336,2025-11-26,57.41,completed
ord_00359,cust_0110,2026-07-03,236.72,completed
ord_00360,cust_0116,2025-09-03,256.54,pending
ord_00361,cust_0005,2026-06-29,338.45,completed
ord_00362,cust_0356,2025-11-29,76.46,completed
ord_00363,cust_0197,2026-03-08,56.54,completed
ord_00364,cust_0161,2026-05-12,185.92,completed
ord_00365,cust_0196,2026-04-24,374.66,completed
ord_00366,cust_0347,2025-08-09,81.43,cancelled
ord_00367,cust_0005,2025-09-18,298.8,completed
ord_00368,cust_0180,2025-11-20,350.93,completed
ord_00369,cust_0316,2025-12-05,334.25,completed
ord_00370,cust_0460,2026-05-20,61.72,completed
ord_00371,cust_0374,2025-09-05,193.57,pending
ord_00372,cust_0406,2026-01-23,80.02,completed
ord_00373,cust_0044,2025-08-07,130.4,cancelled
ord_00374,cust_0370,2025-08-30,297.53,completed
ord_00375,cust_0449,2025-07-31,155.27,cancelled
ord_00376,cust_0261,2025-08-27,102.72,pending
ord_00377,cust_0331,2026-02-02,40.37,completed
ord_00378,cust_0198,2025-10-23,67.43,pending
ord_00379,cust_0305,2025-08-11,48.02,completed
ord_00380,cust_0479,2025-12-31,162.16,pending
ord_00381,cust_0216,2025-09-15,184.92,completed
ord_00382,cust_0489,2025-11-04,474.13,completed
ord_00383,cust_0301,2026-06-25,46.4,completed
ord_00384,cust_0021,2026-03-15,444.0,pending
ord_00385,cust_0147,2025-10-17,307.29,cancelled
ord_00386,cust_0217,2025-12-03,341.34,completed
ord_00387,cust_0275,2025-08-10,265.01,completed
ord_00388,cust_0043,2026-02-11,159.11,cancelled
ord_00389,cust_0499,2026-03-21,390.75,cancelled
ord_00390,cust_0201,2026-01-17,287.69,completed
ord_00391,cust_0358,2026-01-26,218.43,completed
ord_00392,cust_0126,2026-06-04,55.09,pending
ord_00393,cust_0233,2026-05-05,299.72,completed
ord_00394,cust_0342,2026-01-26,359.89,completed
ord_00395,cust_0007,2026-05-03,344.17,completed
ord_00396,cust_0255,2026-04-11,458.15,cancelled
ord_00397,cust_0401,2025-10-12,397.47,completed
ord_00398,cust_0191,2026-04-09,74.02,completed
ord_00399,cust_0395,2026-05-04,433.45,completed
ord_00400,cust_0140,2025-11-26,258.59,completed
ord_00401,cust_0500,2025-07-04,283.14,completed
ord_00402,cust_0234,2025-10-22,252.51,completed
ord_00403,cust_0440,2025-10-21,278.6,completed
ord_00404,cust_0131,2026-04-14,374.6,cancelled
ord_00405,cust_0371,2025-07-23,68.63,cancelled
ord_00406,cust_0023,2026-07-02,414.29,completed
ord_00407,cust_0024,2026-02-28,234.37,pending
ord_00408,cust_0092,2026-04-18,447.99,completed
ord_00409,cust_0412,2025-09-23,439.99,pending
ord_00410,cust_0165,2026-03-11,130.44,completed
ord_00411,cust_0423,2026-02-15,51.22,completed
ord_00412,cust_0258,2026-05-03,328.1,completed
ord_00413,cust_0115,2026-04-03,389.02,completed
ord_00414,cust_0036,2025-12-10,422.8,completed
ord_00415,cust_0168,2026-01-25,55.17,pending
ord_00416,cust_0189,2026-06-29,108.31,cancelled
ord_00417,cust_0379,2026-01-29,304.56,pending
ord_00418,cust_0303,2025-12-27,466.91,completed
ord_00419,cust_0390,2025-09-27,385.13,completed
ord_00420,cust_0478,2026-06-30,205.67,completed
ord_00421,cust_0178,2025-09-29,310.71,completed
ord_00422,cust_0001,2026-01-13,367.9,pending
ord_00423,cust_0054,2026-01-27,110.42,completed
ord_00424,cust_0252,2025-12-01,461.95,completed
ord_00425,cust_0144,2025-07-04,58.26,completed
ord_00426,cust_0212,2025-10-10,340.89,completed
ord_00427,cust_0499,2025-11-11,362.77,cancelled
ord_00428,cust_0259,2026-05-16,77.08,pending
ord_00429,cust_0304,2026-05-26,279.04,pending
ord_00430,cust_0494,2025-07-29,75.78,completed
ord_00431,cust_0436,2026-02-20,161.48,pending
ord_00432,cust_0426,2025-07-10,356.94,completed
ord_00433,cust_0140,2025-11-14,123.63,completed
ord_00434,cust_0400,2026-04-25,373.12,completed
ord_00435,cust_0055,2026-04-15,91.43,pending
ord_00436,cust_0209,2026-01-24,71.14,completed
ord_00437,cust_0232,2026-03-19,158.36,completed
ord_00438,cust_0047,2026-05-03,88.29,completed
ord_00439,cust_0357,2025-07-08,295.54,completed
ord_00440,cust_0076,2026-01-17,57.41,completed
ord_00441,cust_0203,2026-01-02,253.76,completed
ord_00442,cust_0420,2026-02-20,475.66,completed
ord_00443,cust_0438,2025-12-08,225.27,cancelled
ord_00444,cust_0049,2026-02-26,229.85,completed
ord_00445,cust_0007,2026-05-02,43.68,completed
ord_00446,cust_0102,2026-04-28,398.01,completed
ord_00447,cust_0323,2025-07-17,450.97,completed
ord_00448,cust_0301,2025-09-08,135.35,completed
ord_00449,cust_0034,2026-06-22,106.95,pending
ord_00450,cust_0048,2026-04-29,435.86,completed
ord_00451,cust_0022,2026-05-02,453.16,completed
ord_00452,cust_0474,2026-04-08,281.86,pending
ord_00453,cust_0016,2025-10-22,192.97,pending
ord_00454,cust_0182,2026-04-06,114.84,completed
ord_00455,cust_0144,2026-02-13,222.4,completed
ord_00456,cust_0315,2026-06-16,302.92,completed
ord_00457,cust_0152,2025-08-06,246.98,cancelled
ord_00458,cust_0032,2025-10-31,55.79,pending
ord_00459,cust_0215,2026-04-24,107.75,cancelled
ord_00460,cust_0323,2026-02-26,477.25,cancelled
ord_00461,cust_0196,2026-06-24,378.59,completed
ord_00462,cust_0279,2025-10-31,378.37,completed
ord_00463,cust_0258,2025-09-17,164.55,completed
ord_00464,cust_0014,2026-04-02,163.28,completed
ord_00465,cust_0459,2026-06-18,391.97,completed
ord_00466,cust_0415,2026-06-04,476.06,cancelled
ord_00467,cust_0393,2026-01-01,286.55,completed
ord_00468,cust_0052,2026-04-13,130.25,completed
ord_00469,cust_0274,2026-02-17,394.57,completed
ord_00470,cust_0295,2026-03-13,408.62,pending
ord_00471,cust_0479,2026-01-03,405.24,completed
ord_00472,cust_0122,2026-04-04,290.52,completed
ord_00473,cust_0015,2025-09-04,342.11,completed
ord_00474,cust_0289,2025-09-16,81.08,completed
ord_00475,cust_0278,2025-10-24,158.71,pending
ord_00476,cust_0047,2026-06-14,41.12,cancelled
ord_00477,cust_0011,2026-03-13,259.8,completed
ord_00478,cust_0470,2026-01-15,300.57,completed
ord_00479,cust_0368,2026-01-10,97.52,completed
ord_00480,cust_0012,2026-06-03,83.69,completed
ord_00481,cust_0434,2026-05-08,259.73,completed
ord_00482,cust_0192,2026-05-27,342.61,pending
ord_00483,cust_0052,2025-09-06,171.5,completed
ord_00484,cust_0500,2026-04-25,88.24,pending
ord_00485,cust_0492,2025-08-10,241.55,completed
ord_00486,cust_0363,2026-04-05,465.47,cancelled
ord_00487,cust_0115,2026-01-02,324.47,completed
ord_00488,cust_0158,2025-12-22,356.31,completed
ord_00489,cust_0091,2026-04-29,353.91,cancelled
ord_00490,cust_0436,2025-12-15,477.34,cancelled
ord_00491,cust_0094,2026-06-17,295.11,cancelled
ord_00492,cust_0328,2026-03-12,277.98,pending
ord_00493,cust_0170,2026-04-22,361.58,completed
ord_00494,cust_0164,2026-01-07,93.07,completed
ord_00495,cust_0344,2025-07-06,312.18,completed
ord_00496,cust_0006,2025-11-17,138.32,completed
ord_00497,cust_0035,2025-07-14,177.97,completed
ord_00498,cust_0025,2026-07-03,194.46,pending
ord_00499,cust_0453,2026-04-09,207.52,pending
ord_00500,cust_0280,2026-01-05,189.54,pending
ord_00501,cust_0334,2025-09-11,367.58,completed
ord_00502,cust_0232,2026-04-11,49.27,completed
ord_00503,cust_0011,2026-02-03,163.2,completed
ord_00504,cust_0176,2026-05-27,94.1,pending
ord_00505,cust_0375,2026-04-12,49.88,completed
ord_00506,cust_0305,2026-01-11,473.15,pending
ord_00507,cust_0016,2025-07-08,215.57,completed
ord_00508,cust_0456,2025-08-27,216.9,completed
ord_00509,cust_0170,2026-05-13,110.58,completed
ord_00510,cust_0357,2025-12-06,272.66,cancelled
ord_00511,cust_0339,2026-02-18,145.91,completed
ord_00512,cust_0026,2026-05-15,197.7,cancelled
ord_00513,cust_0079,2025-10-25,40.34,completed
ord_00514,cust_0045,2025-11-27,151.97,cancelled
ord_00515,cust_0103,2025-10-31,60.1,completed
ord_00516,cust_0327,2026-04-07,150.69,completed
ord_00517,cust_0433,2025-11-03,68.71,pending
ord_00518,cust_0251,2025-11-04,431.12,completed
ord_00519,cust_0329,2026-05-18,268.02,completed
ord_00520,cust_0454,2025-12-26,192.37,completed
ord_00521,cust_0023,2025-11-17,137.43,pending
ord_00522,cust_0116,2026-02-19,404.24,cancelled
ord_00523,cust_0078,2026-06-02,364.79,completed
ord_00524,cust_0343,2026-05-21,174.86,cancelled
ord_00525,cust_0498,2025-12-04,366.75,completed
ord_00526,cust_0032,2025-09-23,405.97,cancelled
ord_00527,cust_0495,2025-12-01,264.01,pending
ord_00528,cust_0452,2025-09-13,124.57,completed
ord_00529,cust_0203,2026-05-24,434.79,completed
ord_00530,cust_0293,2025-10-19,433.71,cancelled
ord_00531,cust_0318,2025-07-22,83.56,pending
ord_00532,cust_0486,2026-04-06,472.73,completed
ord_00533,cust_0065,2026-03-27,34.84,completed
ord_00534,cust_0223,2025-07-19,108.89,completed
ord_00535,cust_0133,2025-09-02,163.68,completed
ord_00536,cust_0199,2026-05-20,273.71,cancelled
ord_00537,cust_0439,2026-01-18,143.43,pending
ord_00538,cust_0403,2026-06-27,340.69,cancelled
ord_00539,cust_0401,2025-10-09,210.11,pending
ord_00540,cust_0076,2026-04-18,278.47,cancelled
ord_00541,cust_0474,2026-05-13,64.12,completed
ord_00542,cust_0445,2026-02-07,264.07,completed
ord_00543,cust_0136,2025-12-05,193.12,pending
ord_00544,cust_0312,2025-09-14,234.97,completed
ord_00545,cust_0207,2026-02-12,81.89,cancelled
ord_00546,cust_0356,2025-07-20,201.8,pending
ord_00547,cust_0354,2026-01-15,125.47,pending
ord_00548,cust_0460,2026-02-16,188.18,completed
ord_00549,cust_0160,2026-01-29,145.36,pending
ord_00550,cust_0351,2025-07-12,60.67,completed
ord_00551,cust_0154,2026-04-26,468.01,pending
ord_00552,cust_0138,2026-01-20,353.89,cancelled
ord_00553,cust_0046,2025-08-07,102.39,completed
ord_00554,cust_0380,2025-12-07,240.27,cancelled
ord_00555,cust_0421,2025-12-24,41.14,completed
ord_00556,cust_0160,2026-05-31,344.95,pending
ord_00557,cust_0400,2026-04-25,410.85,cancelled
ord_00558,cust_0089,2026-06-19,104.64,completed
ord_00559,cust_0128,2026-06-04,30.38,completed
ord_00560,cust_0361,2025-12-31,107.59,completed
ord_00561,cust_0259,2025-11-08,199.58,completed
ord_00562,cust_0016,2025-07-20,127.5,pending
ord_00563,cust_0229,2025-09-02,97.58,pending
ord_00564,cust_0283,2025-09-06,177.64,completed
ord_00565,cust_0384,2026-02-21,401.35,completed
ord_00566,cust_0015,2026-02-08,194.75,completed
ord_00567,cust_0400,2025-09-14,463.69,completed
ord_00568,cust_0116,2025-08-06,330.13,completed
ord_00569,cust_0210,2025-08-04,253.68,completed
ord_00570,cust_0467,2025-11-03,76.53,completed
ord_00571,cust_0411,2025-08-30,18.94,completed
ord_00572,cust_0413,2025-08-26,453.5,completed
ord_00573,cust_0459,2025-11-29,190.06,completed
ord_00574,cust_0130,2025-11-10,116.47,completed
ord_00575,cust_0267,2025-07-22,398.3,pending
ord_00576,cust_0053,2025-09-07,18.42,completed
ord_00577,cust_0332,2025-09-19,291.1,completed
ord_00578,cust_0351,2026-02-01,65.27,completed
ord_00579,cust_0142,2026-01-12,312.88,completed
ord_00580,cust_0336,2026-02-20,345.66,completed
ord_00581,cust_0077,2026-03-29,255.54,completed
ord_00582,cust_0413,2026-06-04,413.65,cancelled
ord_00583,cust_0339,2025-12-09,163.61,completed
ord_00584,cust_0336,2026-06-20,246.28,completed
ord_00585,cust_0465,2026-02-21,209.63,pending
ord_00586,cust_0299,2026-06-15,344.25,cancelled
ord_00587,cust_0176,2026-03-28,352.85,completed
ord_00588,cust_0274,2025-07-17,311.82,pending
ord_00589,cust_0184,2025-07-25,250.9,completed
ord_00590,cust_0449,2025-08-01,274.59,completed
ord_00591,cust_0242,2026-05-15,74.49,completed
ord_00592,cust_0391,2025-09-20,439.37,completed
ord_00593,cust_0046,2025-08-02,118.35,completed
ord_00594,cust_0216,2026-01-27,381.46,completed
ord_00595,cust_0134,2025-12-25,287.29,pending
ord_00596,cust_0241,2026-05-04,39.96,cancelled
ord_00597,cust_0484,2025-09-09,303.6,pending
ord_00598,cust_0257,2026-03-26,70.71,pending
ord_00599,cust_0153,2025-10-05,207.09,completed
ord_00600,cust_0103,2026-04-24,174.34,cancelled
ord_00601,cust_0074,2025-11-11,162.12,completed
ord_00602,cust_0250,2026-05-23,169.67,completed
ord_00603,cust_0325,2026-01-24,41.98,pending
ord_00604,cust_0108,2026-02-13,368.95,completed
ord_00605,cust_0392,2025-09-11,88.67,completed
ord_00606,cust_0315,2026-04-28,216.68,pending
ord_00607,cust_0220,2025-12-09,463.88,pending
ord_00608,cust_0020,2026-07-01,263.21,completed
ord_00609,cust_0457,2026-06-26,164.83,cancelled
ord_00610,cust_0010,2026-03-28,329.69,completed
ord_00611,cust_0356,2026-03-10,422.8,completed
ord_00612,cust_0053,2026-04-28,193.35,cancelled
ord_00613,cust_0086,2026-01-28,45.36,completed
ord_00614,cust_0486,2026-02-01,150.23,cancelled
ord_00615,cust_0269,2025-09-01,172.09,completed
ord_00616,cust_0462,2026-01-09,242.93,completed
ord_00617,cust_0486,2026-04-10,436.71,pending
ord_00618,cust_0117,2026-06-24,119.31,completed
ord_00619,cust_0376,2026-03-17,25.19,cancelled
ord_00620,cust_0064,2026-04-08,185.47,completed
ord_00621,cust_0449,2025-12-23,312.75,cancelled
ord_00622,cust_0025,2025-08-18,291.17,completed
ord_00623,cust_0056,2025-07-30,318.91,completed
ord_00624,cust_0354,2026-06-09,68.84,pending
ord_00625,cust_0064,2025-12-21,269.49,pending
ord_00626,cust_0079,2025-07-09,110.56,completed
ord_00627,cust_0216,2026-01-30,322.67,cancelled
ord_00628,cust_0319,2026-02-15,296.62,completed
ord_00629,cust_0426,2025-12-01,432.86,cancelled
ord_00630,cust_0061,2025-08-21,146.46,completed
ord_00631,cust_0102,2025-10-22,298.19,completed
ord_00632,cust_0499,2025-10-09,108.78,pending
ord_00633,cust_0083,2026-02-02,33.32,pending
ord_00634,cust_0353,2026-03-19,448.9,completed
ord_00635,cust_0002,2026-03-05,20.93,completed
ord_00636,cust_0428,2026-05-08,281.98,pending
ord_00637,cust_0487,2026-04-18,56.89,cancelled
ord_00638,cust_0371,2026-05-26,351.46,completed
ord_00639,cust_0119,2025-08-08,227.39,completed
ord_00640,cust_0238,2026-02-18,38.29,completed
ord_00641,cust_0437,2026-06-13,150.11,completed
ord_00642,cust_0379,2025-11-27,68.89,completed
ord_00643,cust_0437,2026-06-29,79.35,completed
ord_00644,cust_0184,2026-01-16,430.96,cancelled
ord_00645,cust_0450,2026-02-16,355.88,completed
ord_00646,cust_0094,2026-01-09,67.93,pending
ord_00647,cust_0140,2025-11-12,403.6,pending
ord_00648,cust_0333,2025-11-30,427.05,completed
ord_00649,cust_0068,2026-05-07,338.72,completed
ord_00650,cust_0054,2026-04-13,208.45,cancelled
ord_00651,cust_0411,2025-10-29,279.56,pending
ord_00652,cust_0313,2026-04-02,191.58,completed
ord_00653,cust_0015,2025-08-24,416.1,completed
ord_00654,cust_0472,2025-10-29,241.98,pending
ord_00655,cust_0024,2025-11-20,44.45,completed
ord_00656,cust_0361,2026-06-27,418.77,cancelled
ord_00657,cust_0371,2025-09-11,277.73,completed
ord_00658,cust_0268,2025-10-11,335.03,cancelled
ord_00659,cust_0222,2026-05-16,322.7,completed
ord_00660,cust_0178,2025-10-30,323.63,pending
ord_00661,cust_0430,2026-04-18,399.29,cancelled
ord_00662,cust_0006,2026-06-06,314.18,completed
ord_00663,cust_0435,2025-10-18,233.22,pending
ord_00664,cust_0039,2026-04-10,364.41,completed
ord_00665,cust_0170,2026-03-02,466.12,completed
ord_00666,cust_0115,2025-10-17,270.98,pending
ord_00667,cust_0419,2025-12-09,124.27,pending
ord_00668,cust_0411,2025-11-18,281.46,completed
ord_00669,cust_0229,2025-10-21,161.97,pending
ord_00670,cust_0010,2025-08-03,62.73,pending
ord_00671,cust_0286,2026-06-15,270.33,completed
ord_00672,cust_0494,2025-08-28,302.87,completed
ord_00673,cust_0288,2025-10-16,111.19,pending
ord_00674,cust_0187,2026-01-10,398.77,completed
ord_00675,cust_0170,2025-11-13,275.47,cancelled
ord_00676,cust_0243,2025-08-30,348.25,completed
ord_00677,cust_0059,2025-11-14,60.31,completed
ord_00678,cust_0175,2026-07-02,180.14,completed
ord_00679,cust_0268,2025-09-26,188.86,completed
ord_00680,cust_0460,2026-06-10,91.33,completed
ord_00681,cust_0055,2025-12-06,133.24,completed
ord_00682,cust_0062,2026-03-29,447.55,pending
ord_00683,cust_0235,2026-03-15,398.42,completed
ord_00684,cust_0056,2026-01-11,367.07,completed
ord_00685,cust_0429,2025-08-13,327.55,completed
ord_00686,cust_0235,2025-11-15,321.18,cancelled
ord_00687,cust_0494,2026-04-26,246.96,cancelled
ord_00688,cust_0284,2026-06-09,449.92,cancelled
ord_00689,cust_0474,2025-10-29,251.37,completed
ord_00690,cust_0297,2025-07-14,95.75,completed
ord_00691,cust_0199,2026-05-11,320.75,cancelled
ord_00692,cust_0259,2026-01-20,424.85,pending
ord_00693,cust_0469,2025-08-26,337.02,completed
ord_00694,cust_0204,2026-02-13,463.07,completed
ord_00695,cust_0413,2025-11-14,77.02,pending
ord_00696,cust_0359,2025-08-29,427.19,cancelled
ord_00697,cust_0432,2026-01-31,341.19,completed
ord_00698,cust_0378,2025-07-04,450.01,completed
ord_00699,cust_0108,2026-03-23,305.24,completed
ord_00700,cust_0177,2025-07-17,443.35,completed
ord_00701,cust_0333,2025-07-05,468.46,completed
ord_00702,cust_0278,2025-10-19,337.86,completed
ord_00703,cust_0060,2025-07-05,368.76,cancelled
ord_00704,cust_0299,2025-10-31,280.35,pending
ord_00705,cust_0383,2025-07-23,430.65,cancelled
ord_00706,cust_0450,2026-02-07,409.0,completed
ord_00707,cust_0055,2025-10-09,26.75,completed
ord_00708,cust_0344,2026-06-06,41.32,completed
ord_00709,cust_0147,2026-04-12,332.78,completed
ord_00710,cust_0354,2026-06-02,379.73,completed
ord_00711,cust_0017,2025-09-29,181.79,pending
ord_00712,cust_0316,2026-05-12,418.64,cancelled
ord_00713,cust_0381,2026-03-11,315.91,pending
ord_00714,cust_0262,2026-03-04,379.7,completed
ord_00715,cust_0341,2025-07-14,36.85,pending
ord_00716,cust_0214,2025-12-17,459.87,completed
ord_00717,cust_0028,2025-09-24,21.03,completed
ord_00718,cust_0318,2026-03-22,419.02,pending
ord_00719,cust_0467,2026-03-10,309.71,completed
ord_00720,cust_0280,2025-09-05,358.38,completed
ord_00721,cust_0151,2026-03-26,223.7,completed
ord_00722,cust_0493,2026-03-30,95.81,cancelled
ord_00723,cust_0194,2026-05-03,33.89,completed
ord_00724,cust_0136,2025-09-22,75.48,cancelled
ord_00725,cust_0003,2026-02-23,168.71,completed
ord_00726,cust_0079,2026-06-13,446.81,cancelled
ord_00727,cust_0397,2026-06-07,448.56,cancelled
ord_00728,cust_0155,2025-07-30,243.11,cancelled
ord_00729,cust_0184,2025-09-25,48.89,completed
ord_00730,cust_0113,2025-10-07,460.0,cancelled
ord_00731,cust_0403,2026-05-30,249.89,pending
ord_00732,cust_0275,2025-09-28,202.59,completed
ord_00733,cust_0453,2026-03-12,114.21,completed
ord_00734,cust_0185,2026-01-15,151.51,cancelled
ord_00735,cust_0244,2025-10-05,478.43,completed
ord_00736,cust_0343,2026-05-06,175.89,completed
ord_00737,cust_0315,2025-08-09,442.15,completed
ord_00738,cust_0350,2026-06-13,426.83,pending
ord_00739,cust_0198,2026-05-06,134.31,completed
ord_00740,cust_0467,2026-06-21,255.34,completed
ord_00741,cust_0412,2025-10-13,251.56,pending
ord_00742,cust_0152,2026-06-11,432.7,completed
ord_00743,cust_0264,2026-01-20,53.29,completed
ord_00744,cust_0498,2026-04-09,459.67,cancelled
ord_00745,cust_0004,2025-10-03,306.52,completed
ord_00746,cust_0323,2025-07-25,374.72,pending
ord_00747,cust_0106,2026-05-11,265.06,pending
ord_00748,cust_0419,2025-08-06,451.98,completed
ord_00749,cust_0236,2026-06-21,348.34,completed
ord_00750,cust_0038,2026-05-20,40.23,completed
ord_00751,cust_0037,2025-09-21,282.36,completed
ord_00752,cust_0209,2026-02-21,195.44,pending
ord_00753,cust_0162,2025-11-24,22.85,completed
ord_00754,cust_0004,2025-10-03,313.26,cancelled
ord_00755,cust_0388,2026-06-01,361.87,completed
ord_00756,cust_0435,2025-07-10,48.75,cancelled
ord_00757,cust_0149,2026-05-10,380.9,completed
ord_00758,cust_0045,2025-08-27,145.91,pending
ord_00759,cust_0203,2025-12-20,397.29,completed
ord_00760,cust_0081,2025-11-03,263.06,completed
ord_00761,cust_0408,2025-12-15,385.83,cancelled
ord_00762,cust_0492,2026-02-02,309.83,completed
ord_00763,cust_0455,2025-07-22,440.09,completed
ord_00764,cust_0284,2026-06-28,421.77,completed
ord_00765,cust_0022,2026-05-01,17.34,cancelled
ord_00766,cust_0276,2025-12-14,269.6,completed
ord_00767,cust_0108,2026-01-28,362.96,completed
ord_00768,cust_0212,2026-03-17,436.12,cancelled
ord_00769,cust_0083,2026-04-22,100.56,cancelled
ord_00770,cust_0100,2026-02-24,68.3,cancelled
ord_00771,cust_0436,2026-06-06,364.23,cancelled
ord_00772,cust_0331,2025-11-09,270.59,completed
ord_00773,cust_0035,2025-07-25,131.57,completed
ord_00774,cust_0250,2025-09-09,457.47,completed
ord_00775,cust_0344,2026-04-29,319.79,completed
ord_00776,cust_0318,2026-02-08,47.46,completed
ord_00777,cust_0249,2026-01-22,224.55,cancelled
ord_00778,cust_0157,2025-07-31,337.46,completed
ord_00779,cust_0291,2025-09-17,184.49,completed
ord_00780,cust_0087,2025-11-26,17.25,completed
ord_00781,cust_0365,2026-03-12,359.01,pending
ord_00782,cust_0431,2026-02-12,182.16,completed
ord_00783,cust_0237,2025-10-31,222.09,completed
ord_00784,cust_0283,2025-10-27,65.61,cancelled
ord_00785,cust_0431,2026-05-23,145.49,completed
ord_00786,cust_0101,2025-10-01,137.4,completed
ord_00787,cust_0457,2026-05-26,23.66,cancelled
ord_00788,cust_0016,2025-08-14,392.88,cancelled
ord_00789,cust_0394,2025-12-08,289.37,completed
ord_00790,cust_0134,2025-09-24,267.71,cancelled
ord_00791,cust_0335,2025-11-04,375.47,completed
ord_00792,cust_0115,2025-12-15,429.52,cancelled
ord_00793,cust_0069,2026-02-05,231.09,cancelled
ord_00794,cust_0204,2026-05-18,184.2,completed
ord_00795,cust_0123,2025-07-29,409.31,cancelled
ord_00796,cust_0085,2025-07-18,367.1,completed
ord_00797,cust_0082,2025-11-17,98.3,cancelled
ord_00798,cust_0447,2025-07-31,465.0,pending
ord_00799,cust_0021,2026-01-01,116.75,pending
ord_00800,cust_0033,2026-03-07,137.93,completed
ord_00801,cust_0343,2026-06-12,111.15,completed
ord_00802,cust_0241,2025-12-17,441.82,completed
ord_00803,cust_0333,2026-06-13,165.69,cancelled
ord_00804,cust_0425,2025-08-13,142.18,completed
ord_00805,cust_0279,2025-09-10,280.12,pending
ord_00806,cust_0194,2025-08-03,184.86,completed
ord_00807,cust_0129,2025-10-12,189.99,completed
ord_00808,cust_0208,2025-10-12,179.1,completed
ord_00809,cust_0406,2025-10-27,239.18,cancelled
ord_00810,cust_0257,2026-06-30,425.15,pending
ord_00811,cust_0118,2026-04-10,50.85,completed
ord_00812,cust_0077,2026-03-17,101.91,completed
ord_00813,cust_0368,2025-08-29,394.88,completed
ord_00814,cust_0416,2025-12-03,168.55,completed
ord_00815,cust_0346,2025-10-30,237.65,completed
ord_00816,cust_0083,2025-09-04,315.98,pending
ord_00817,cust_0125,2026-06-22,35.06,cancelled
ord_00818,cust_0083,2025-09-03,77.65,cancelled
ord_00819,cust_0457,2026-06-13,281.11,completed
ord_00820,cust_0133,2026-04-09,443.94,cancelled
ord_00821,cust_0307,2025-12-08,465.7,completed
ord_00822,cust_0421,2025-07-30,146.81,completed
ord_00823,cust_0230,2026-03-15,297.03,pending
ord_00824,cust_0088,2025-10-30,117.0,pending
ord_00825,cust_0074,2025-08-30,384.5,completed
ord_00826,cust_0338,2025-08-18,252.52,completed
ord_00827,cust_0176,2025-07-17,443.89,cancelled
ord_00828,cust_0036,2025-09-04,121.86,pending
ord_00829,cust_0056,2026-04-27,22.7,cancelled
ord_00830,cust_0351,2025-10-18,210.2,completed
ord_00831,cust_0050,2025-08-27,97.5,cancelled
ord_00832,cust_0020,2025-08-30,423.15,cancelled
ord_00833,cust_0386,2025-10-19,69.65,pending
ord_00834,cust_0067,2025-07-31,434.42,cancelled
ord_00835,cust_0460,2026-07-03,451.05,pending
ord_00836,cust_0216,2025-10-09,187.23,completed
ord_00837,cust_0272,2025-07-11,214.46,pending
ord_00838,cust_0180,2025-12-20,288.91,cancelled
ord_00839,cust_0218,2026-05-14,77.26,pending
ord_00840,cust_0466,2026-03-06,414.46,completed
ord_00841,cust_0449,2025-08-31,267.83,completed
ord_00842,cust_0003,2026-03-29,344.75,completed
ord_00843,cust_0268,2025-09-11,69.79,completed
ord_00844,cust_0336,2025-12-23,110.52,completed
ord_00845,cust_0186,2025-12-06,64.56,pending
ord_00846,cust_0300,2025-08-04,132.94,cancelled
ord_00847,cust_0290,2025-11-29,185.02,completed
ord_00848,cust_0204,2025-07-20,366.06,pending
ord_00849,cust_0402,2025-09-24,274.27,completed
ord_00850,cust_0287,2025-12-26,273.03,completed
ord_00851,cust_0296,2026-01-27,175.13,pending
ord_00852,cust_0438,2026-04-24,416.68,completed
ord_00853,cust_0229,2026-03-08,379.15,completed
ord_00854,cust_0110,2026-05-13,251.38,completed
ord_00855,cust_0315,2025-09-25,339.13,completed
ord_00856,cust_0200,2026-04-12,463.53,completed
ord_00857,cust_0422,2026-05-18,82.58,cancelled
ord_00858,cust_0046,2025-11-23,44.8,completed
ord_00859,cust_0041,2025-12-26,298.2,pending
ord_00860,cust_0315,2025-12-10,320.12,completed
ord_00861,cust_0494,2025-07-04,292.82,completed
ord_00862,cust_0254,2025-08-10,219.12,completed
ord_00863,cust_0477,2025-08-01,388.82,completed
ord_00864,cust_0018,2026-03-26,379.54,cancelled
ord_00865,cust_0358,2025-10-12,122.73,completed
ord_00866,cust_0019,2025-07-23,182.28,completed
ord_00867,cust_0045,2026-04-14,478.52,pending
ord_00868,cust_0343,2026-01-04,198.74,cancelled
ord_00869,cust_0266,2026-03-23,22.15,completed
ord_00870,cust_0282,2026-05-18,147.29,cancelled
ord_00871,cust_0179,2025-09-08,176.58,completed
ord_00872,cust_0311,2026-03-10,462.82,pending
ord_00873,cust_0295,2025-12-09,17.16,completed
ord_00874,cust_0260,2025-12-07,64.51,completed
ord_00875,cust_0151,2025-10-19,173.08,completed
ord_00876,cust_0490,2025-10-14,134.83,cancelled
ord_00877,cust_0129,2025-09-12,337.8,pending
ord_00878,cust_0248,2025-09-18,373.03,completed
ord_00879,cust_0349,2025-11-11,229.24,cancelled
ord_00880,cust_0247,2026-06-19,69.06,completed
ord_00881,cust_0325,2025-12-20,381.73,completed
ord_00882,cust_0360,2025-07-22,121.92,completed
ord_00883,cust_0490,2025-12-04,179.19,cancelled
ord_00884,cust_0359,2026-06-29,401.96,completed
ord_00885,cust_0048,2026-02-06,200.5,completed
ord_00886,cust_0284,2026-05-26,448.1,pending
ord_00887,cust_0182,2026-01-24,116.63,cancelled
ord_00888,cust_0094,2026-02-16,455.41,completed
ord_00889,cust_0378,2025-10-21,107.84,completed
ord_00890,cust_0106,2026-02-18,121.58,completed
ord_00891,cust_0183,2025-08-21,87.54,completed
ord_00892,cust_0472,2026-05-03,51.5,pending
ord_00893,cust_0004,2025-08-23,370.37,cancelled
ord_00894,cust_0435,2026-06-12,239.27,cancelled
ord_00895,cust_0253,2026-01-23,432.63,cancelled
ord_00896,cust_0252,2026-02-13,100.04,cancelled
ord_00897,cust_0204,2026-02-10,118.27,cancelled
ord_00898,cust_0028,2026-04-29,259.47,pending
ord_00899,cust_0482,2025-11-01,266.46,cancelled
ord_00900,cust_0202,2026-01-07,415.09,completed
ord_00901,cust_0500,2025-11-11,70.97,cancelled
ord_00902,cust_0162,2025-11-10,335.48,completed
ord_00903,cust_0108,2025-07-23,191.43,completed
ord_00904,cust_0186,2026-01-18,299.94,completed
ord_00905,cust_0281,2026-03-30,137.22,completed
ord_00906,cust_0491,2025-11-04,300.08,completed
ord_00907,cust_0256,2026-03-31,212.13,pending
ord_00908,cust_0386,2025-07-10,188.12,pending
ord_00909,cust_0231,2026-02-10,98.65,completed
ord_00910,cust_0352,2025-09-12,121.28,completed
ord_00911,cust_0412,2026-02-15,124.65,pending
ord_00912,cust_0101,2025-12-20,82.82,completed
ord_00913,cust_0413,2025-11-03,19.53,pending
ord_00914,cust_0069,2025-10-21,477.94,cancelled
ord_00915,cust_0369,2025-10-03,161.81,pending
ord_00916,cust_0129,2026-01-31,276.39,cancelled
ord_00917,cust_0204,2026-06-09,61.02,completed
ord_00918,cust_0111,2026-06-03,393.43,pending
ord_00919,cust_0050,2025-08-15,224.18,completed
ord_00920,cust_0185,2026-02-20,182.54,cancelled
ord_00921,cust_0177,2026-02-22,24.22,completed
ord_00922,cust_0445,2026-01-05,331.01,cancelled
ord_00923,cust_0296,2026-03-24,282.79,cancelled
ord_00924,cust_0400,2026-04-05,147.34,completed
ord_00925,cust_0262,2025-07-24,241.68,pending
ord_00926,cust_0196,2026-05-24,300.35,pending
ord_00927,cust_0490,2025-08-14,82.35,completed
ord_00928,cust_0414,2025-08-10,446.78,pending
ord_00929,cust_0314,2025-08-14,280.81,completed
ord_00930,cust_0083,2026-05-24,174.79,completed
ord_00931,cust_0335,2026-01-22,150.48,completed
ord_00932,cust_0331,2025-08-28,198.89,pending
ord_00933,cust_0383,2025-12-30,287.92,pending
ord_00934,cust_0086,2025-12-04,100.51,completed
ord_00935,cust_0373,2026-04-30,124.1,completed
ord_00936,cust_0384,2025-07-10,52.23,completed
ord_00937,cust_0053,2025-12-12,59.43,pending
ord_00938,cust_0028,2025-09-26,27.26,pending
ord_00939,cust_0392,2025-10-08,478.15,completed
ord_00940,cust_0317,2026-02-19,87.2,pending
ord_00941,cust_0118,2026-01-26,130.04,completed
ord_00942,cust_0321,2025-11-19,73.78,cancelled
ord_00943,cust_0015,2026-04-07,31.35,completed
ord_00944,cust_0443,2026-01-18,236.41,cancelled
ord_00945,cust_0281,2026-02-14,221.85,cancelled
ord_00946,cust_0303,2026-04-04,292.88,cancelled
ord_00947,cust_0269,2025-11-23,312.5,cancelled
ord_00948,cust_0466,2026-01-26,176.43,cancelled
ord_00949,cust_0413,2026-03-09,56.64,completed
ord_00950,cust_0212,2025-12-28,135.81,completed
ord_00951,cust_0001,2026-06-28,258.34,completed
ord_00952,cust_0147,2026-01-08,233.18,completed
ord_00953,cust_0473,2025-07-16,243.75,pending
ord_00954,cust_0005,2026-01-31,371.13,completed
ord_00955,cust_0119,2025-09-01,385.5,cancelled
ord_00956,cust_0097,2025-12-24,206.46,cancelled
ord_00957,cust_0203,2025-11-22,131.2,pending
ord_00958,cust_0113,2025-12-22,137.29,pending
ord_00959,cust_0123,2025-08-17,255.22,cancelled
ord_00960,cust_0351,2025-07-13,141.42,cancelled
ord_00961,cust_0212,2026-02-16,102.42,completed
ord_00962,cust_0070,2026-04-01,149.66,pending
ord_00963,cust_0232,2025-08-21,141.54,cancelled
ord_00964,cust_0097,2025-10-25,164.1,completed
ord_00965,cust_0497,2026-06-08,263.76,completed
ord_00966,cust_0145,2026-05-12,140.18,pending
ord_00967,cust_0120,2026-06-29,56.94,completed
ord_00968,cust_0112,2025-10-24,173.99,completed
ord_00969,cust_0191,2025-10-21,230.61,completed
ord_00970,cust_0042,2026-01-15,407.25,completed
ord_00971,cust_0137,2026-06-05,375.68,completed
ord_00972,cust_0241,2025-09-28,99.45,completed
ord_00973,cust_0425,2025-12-20,20.87,completed
ord_00974,cust_0395,2025-12-18,468.36,completed
ord_00975,cust_0102,2026-06-16,229.29,completed
ord_00976,cust_0341,2025-10-10,471.68,pending
ord_00977,cust_0349,2025-12-16,461.96,completed
ord_00978,cust_0323,2026-04-13,353.63,cancelled
ord_00979,cust_0063,2025-10-10,132.79,completed
ord_00980,cust_0185,2026-03-24,427.7,completed
ord_00981,cust_0121,2026-05-07,309.3,completed
ord_00982,cust_0086,2026-06-26,384.39,cancelled
ord_00983,cust_0203,2026-05-03,381.95,completed
ord_00984,cust_0298,2026-06-12,379.32,pending
ord_00985,cust_0306,2025-07-16,87.07,completed
ord_00986,cust_0081,2026-02-26,247.46,cancelled
ord_00987,cust_0477,2026-01-11,465.89,completed
ord_00988,cust_0183,2026-06-03,314.73,cancelled
ord_00989,cust_0065,2026-05-10,241.85,completed
ord_00990,cust_0404,2025-09-21,314.76,completed
ord_00991,cust_0376,2025-11-21,104.73,pending
ord_00992,cust_0371,2026-01-01,77.65,completed
ord_00993,cust_0362,2025-10-28,218.44,completed
ord_00994,cust_0357,2025-09-29,242.89,cancelled
ord_00995,cust_0279,2026-03-30,176.66,pending
ord_00996,cust_0445,2026-02-13,401.58,cancelled
ord_00997,cust_0036,2026-04-12,261.98,pending
ord_00998,cust_0420,2026-02-02,137.46,completed
ord_00999,cust_0001,2025-11-13,375.8,cancelled
ord_01000,cust_0376,2025-12-21,101.27,completed
ord_01001,cust_0439,2025-08-20,184.29,cancelled
ord_01002,cust_0165,2026-03-03,350.27,cancelled
ord_01003,cust_0098,2025-12-17,258.69,pending
ord_01004,cust_0079,2025-09-24,300.06,completed
ord_01005,cust_0329,2025-12-06,164.74,completed
ord_01006,cust_0338,2025-10-09,46.01,completed
ord_01007,cust_0448,2026-04-03,29.54,completed
ord_01008,cust_0099,2025-10-28,60.92,cancelled
ord_01009,cust_0429,2025-08-09,195.7,pending
ord_01010,cust_0320,2025-10-07,341.11,completed
ord_01011,cust_0188,2026-06-08,117.64,completed
ord_01012,cust_0477,2026-06-27,443.28,pending
ord_01013,cust_0240,2026-05-24,387.47,completed
ord_01014,cust_0286,2025-12-31,360.72,pending
ord_01015,cust_0407,2025-12-27,344.42,cancelled
ord_01016,cust_0271,2026-02-17,33.9,completed
ord_01017,cust_0040,2026-01-29,454.24,cancelled
ord_01018,cust_0052,2026-05-15,352.2,cancelled
ord_01019,cust_0098,2025-12-18,104.8,completed
ord_01020,cust_0321,2025-09-15,455.59,cancelled
ord_01021,cust_0213,2025-09-21,361.94,cancelled
ord_01022,cust_0346,2026-01-01,228.31,pending
ord_01023,cust_0086,2026-05-11,383.49,cancelled
ord_01024,cust_0259,2025-12-10,171.94,completed
ord_01025,cust_0308,2025-10-03,221.0,completed
ord_01026,cust_0282,2026-01-23,476.03,completed
ord_01027,cust_0212,2025-12-25,370.35,pending
ord_01028,cust_0312,2026-01-19,126.94,cancelled
ord_01029,cust_0193,2026-03-16,371.05,completed
ord_01030,cust_0493,2025-12-31,225.37,pending
ord_01031,cust_0372,2026-07-03,31.12,completed
ord_01032,cust_0009,2025-09-01,255.69,completed
ord_01033,cust_0154,2026-06-30,472.74,completed
ord_01034,cust_0012,2026-01-23,373.76,completed
ord_01035,cust_0262,2025-09-23,273.69,cancelled
ord_01036,cust_0049,2026-04-15,32.55,completed
ord_01037,cust_0071,2026-04-15,138.22,cancelled
ord_01038,cust_0120,2026-02-26,134.15,completed
ord_01039,cust_0293,2026-05-17,200.91,completed
ord_01040,cust_0371,2026-05-25,165.98,pending
ord_01041,cust_0250,2026-04-06,398.95,cancelled
ord_01042,cust_0305,2026-05-16,313.65,completed
ord_01043,cust_0196,2025-09-11,51.49,completed
ord_01044,cust_0179,2026-01-13,424.1,pending
ord_01045,cust_0477,2025-12-02,418.54,completed
ord_01046,cust_0435,2025-08-03,295.07,completed
ord_01047,cust_0399,2025-08-13,308.97,completed
ord_01048,cust_0269,2026-01-28,34.15,cancelled
ord_01049,cust_0077,2025-09-17,166.98,completed
ord_01050,cust_0026,2026-04-16,328.24,pending
ord_01051,cust_0386,2025-11-17,291.74,cancelled
ord_01052,cust_0114,2026-05-18,215.85,pending
ord_01053,cust_0068,2026-04-19,171.32,pending
ord_01054,cust_0382,2025-09-14,37.93,pending
ord_01055,cust_0044,2026-02-19,200.32,pending
ord_01056,cust_0067,2025-07-11,369.35,pending
ord_01057,cust_0102,2025-09-20,241.86,cancelled
ord_01058,cust_0288,2026-03-25,301.44,cancelled
ord_01059,cust_0125,2026-02-27,48.31,pending
ord_01060,cust_0351,2026-01-19,444.72,completed
ord_01061,cust_0344,2026-05-07,207.32,completed
ord_01062,cust_0098,2026-01-06,164.14,cancelled
ord_01063,cust_0013,2025-08-02,372.9,completed
ord_01064,cust_0316,2026-01-05,397.04,pending
ord_01065,cust_0075,2025-08-18,219.82,completed
ord_01066,cust_0351,2026-03-23,188.83,completed
ord_01067,cust_0379,2026-05-07,40.36,cancelled
ord_01068,cust_0445,2026-04-19,402.09,completed
ord_01069,cust_0176,2026-06-26,337.61,completed
ord_01070,cust_0231,2026-01-28,234.1,completed
ord_01071,cust_0379,2026-03-18,265.17,completed
ord_01072,cust_0268,2025-09-27,363.92,cancelled
ord_01073,cust_0319,2025-10-29,354.41,completed
ord_01074,cust_0358,2025-07-13,325.74,pending
ord_01075,cust_0464,2025-09-08,323.54,completed
ord_01076,cust_0088,2026-02-23,42.95,completed
ord_01077,cust_0317,2025-07-12,141.15,pending
ord_01078,cust_0484,2025-08-02,18.88,pending
ord_01079,cust_0139,2025-07-30,323.29,completed
ord_01080,cust_0010,2026-05-09,151.01,pending
ord_01081,cust_0195,2026-03-07,251.47,completed
ord_01082,cust_0249,2026-01-23,418.05,cancelled
ord_01083,cust_0096,2026-05-19,107.48,pending
ord_01084,cust_0475,2025-09-19,346.3,completed
ord_01085,cust_0473,2026-02-27,261.18,completed
ord_01086,cust_0202,2025-10-26,361.14,completed
ord_01087,cust_0351,2026-01-07,178.64,completed
ord_01088,cust_0257,2026-03-05,143.28,completed
ord_01089,cust_0132,2025-08-17,423.58,completed
ord_01090,cust_0486,2025-09-22,145.29,completed
ord_01091,cust_0460,2026-01-10,197.67,completed
ord_01092,cust_0374,2026-05-20,192.73,cancelled
ord_01093,cust_0352,2025-08-17,120.75,completed
ord_01094,cust_0079,2025-09-13,213.31,completed
ord_01095,cust_0169,2025-08-28,223.86,completed
ord_01096,cust_0335,2026-03-20,79.44,cancelled
ord_01097,cust_0410,2025-07-18,109.07,completed
ord_01098,cust_0353,2026-01-26,342.89,cancelled
ord_01099,cust_0221,2026-04-25,477.99,completed
ord_01100,cust_0478,2025-08-02,277.65,completed
ord_01101,cust_0035,2026-01-22,274.16,completed
ord_01102,cust_0163,2026-03-31,405.38,completed
ord_01103,cust_0392,2026-06-18,163.19,pending
ord_01104,cust_0156,2025-12-05,221.0,completed
ord_01105,cust_0399,2026-04-17,102.39,completed
ord_01106,cust_0014,2026-03-31,369.54,cancelled
ord_01107,cust_0137,2025-08-22,296.61,cancelled
ord_01108,cust_0306,2026-03-07,122.96,completed
ord_01109,cust_0041,2026-01-01,334.99,pending
ord_01110,cust_0258,2026-04-26,408.45,pending
ord_01111,cust_0333,2025-07-04,188.89,pending
ord_01112,cust_0243,2025-10-25,78.94,completed
ord_01113,cust_0017,2026-03-10,204.99,completed
ord_01114,cust_0487,2026-02-15,207.07,completed
ord_01115,cust_0034,2026-03-21,97.34,pending
ord_01116,cust_0251,2025-08-22,334.86,pending
ord_01117,cust_0219,2026-02-27,203.26,completed
ord_01118,cust_0377,2025-08-26,398.31,completed
ord_01119,cust_0314,2025-12-14,451.7,cancelled
ord_01120,cust_0275,2025-09-02,259.23,completed
ord_01121,cust_0056,2025-10-10,225.0,completed
ord_01122,cust_0266,2026-02-28,265.11,completed
ord_01123,cust_0199,2025-09-21,255.0,completed
ord_01124,cust_0150,2026-03-28,219.39,completed
ord_01125,cust_0237,2026-02-07,92.42,completed
ord_01126,cust_0471,2025-08-24,40.36,cancelled
ord_01127,cust_0238,2026-04-22,400.9,pending
ord_01128,cust_0370,2026-05-18,247.81,completed
ord_01129,cust_0481,2025-09-07,430.86,cancelled
ord_01130,cust_0202,2026-04-25,207.31,pending
ord_01131,cust_0092,2026-06-21,225.96,completed
ord_01132,cust_0047,2025-11-13,131.29,completed
ord_01133,cust_0047,2026-05-01,68.09,pending
ord_01134,cust_0186,2025-08-13,54.67,pending
ord_01135,cust_0314,2025-10-15,456.64,pending
ord_01136,cust_0195,2025-09-25,35.42,completed
ord_01137,cust_0290,2026-01-13,420.16,completed
ord_01138,cust_0445,2026-04-11,82.24,completed
ord_01139,cust_0158,2025-12-01,158.93,pending
ord_01140,cust_0321,2026-02-06,99.02,completed
ord_01141,cust_0002,2026-03-22,304.49,completed
ord_01142,cust_0235,2026-06-27,246.4,pending
ord_01143,cust_0414,2025-09-28,17.67,pending
ord_01144,cust_0112,2026-03-04,288.82,pending
ord_01145,cust_0210,2025-11-13,220.47,cancelled
ord_01146,cust_0004,2025-08-30,128.79,cancelled
ord_01147,cust_0318,2026-02-11,307.32,completed
ord_01148,cust_0095,2026-06-08,83.94,completed
ord_01149,cust_0075,2026-06-15,412.03,cancelled
ord_01150,cust_0153,2025-08-29,168.97,completed
ord_01151,cust_0056,2026-06-08,208.88,completed
ord_01152,cust_0345,2026-04-12,147.24,cancelled
ord_01153,cust_0404,2025-09-13,276.41,pending
ord_01154,cust_0185,2025-09-10,448.14,completed
ord_01155,cust_0166,2026-01-31,186.38,pending
ord_01156,cust_0389,2026-05-30,213.71,cancelled
ord_01157,cust_0150,2026-05-31,233.93,completed
ord_01158,cust_0441,2025-07-13,142.6,cancelled
ord_01159,cust_0269,2025-12-04,112.58,completed
ord_01160,cust_0030,2025-08-24,65.83,cancelled
ord_01161,cust_0248,2026-05-20,351.69,cancelled
ord_01162,cust_0148,2025-07-07,213.58,completed
ord_01163,cust_0270,2026-02-21,282.44,cancelled
ord_01164,cust_0475,2026-01-03,75.32,cancelled
ord_01165,cust_0267,2025-10-22,354.07,pending
ord_01166,cust_0414,2025-10-24,98.66,cancelled
ord_01167,cust_0363,2026-03-06,150.08,completed
ord_01168,cust_0061,2026-07-03,26.15,completed
ord_01169,cust_0410,2026-03-19,301.12,pending
ord_01170,cust_0024,2025-12-04,170.21,cancelled
ord_01171,cust_0109,2025-08-11,20.25,completed
ord_01172,cust_0145,2025-07-15,133.3,completed
ord_01173,cust_0154,2026-01-27,250.61,completed
ord_01174,cust_0059,2026-06-30,333.91,completed
ord_01175,cust_0371,2025-12-13,279.55,completed
ord_01176,cust_0100,2026-04-05,168.69,completed
ord_01177,cust_0246,2025-07-24,441.02,completed
ord_01178,cust_0070,2025-08-07,238.9,pending
ord_01179,cust_0459,2025-10-02,170.83,pending
ord_01180,cust_0428,2026-06-05,257.3,cancelled
ord_01181,cust_0162,2025-07-21,273.16,completed
ord_01182,cust_0296,2026-03-19,333.75,completed
ord_01183,cust_0497,2026-05-31,84.43,completed
ord_01184,cust_0193,2026-01-11,306.33,completed
ord_01185,cust_0311,2025-09-14,196.15,cancelled
ord_01186,cust_0443,2026-05-05,378.79,completed
ord_01187,cust_0440,2025-07-07,161.24,completed
ord_01188,cust_0212,2026-02-14,55.36,completed
ord_01189,cust_0232,2025-12-25,400.7,completed
ord_01190,cust_0269,2026-03-15,155.58,completed
ord_01191,cust_0402,2025-12-24,32.39,completed
ord_01192,cust_0228,2026-05-17,250.29,pending
ord_01193,cust_0079,2025-10-20,103.45,pending
ord_01194,cust_0159,2025-10-08,375.62,completed
ord_01195,cust_0421,2026-05-14,471.76,cancelled
ord_01196,cust_0068,2025-07-22,110.41,completed
ord_01197,cust_0199,2025-11-10,346.86,cancelled
ord_01198,cust_0003,2026-05-05,159.61,completed
ord_01199,cust_0435,2025-07-17,291.34,completed
ord_01200,cust_0240,2026-01-14,428.47,completed
ord_01201,cust_0393,2025-10-10,321.43,completed
ord_01202,cust_0296,2026-06-22,367.7,completed
ord_01203,cust_0103,2026-01-20,104.53,completed
ord_01204,cust_0164,2025-10-04,374.35,completed
ord_01205,cust_0077,2026-02-14,88.24,completed
ord_01206,cust_0491,2026-06-26,304.67,cancelled
ord_01207,cust_0106,2026-05-12,267.28,cancelled
ord_01208,cust_0139,2026-01-21,80.82,completed
ord_01209,cust_0126,2025-09-13,94.64,completed
ord_01210,cust_0457,2025-08-24,172.51,pending
ord_01211,cust_0067,2026-06-08,28.48,completed
ord_01212,cust_0197,2026-05-10,40.02,pending
ord_01213,cust_0092,2025-12-15,342.68,cancelled
ord_01214,cust_0429,2025-08-15,335.91,pending
ord_01215,cust_0183,2025-08-22,160.28,completed
ord_01216,cust_0415,2025-07-25,263.07,pending
ord_01217,cust_0068,2025-09-16,58.21,pending
ord_01218,cust_0234,2026-05-15,159.33,pending
ord_01219,cust_0119,2025-11-05,455.56,completed
ord_01220,cust_0133,2025-08-22,439.48,pending
ord_01221,cust_0359,2026-04-01,441.53,completed
ord_01222,cust_0233,2026-01-18,241.69,completed
ord_01223,cust_0058,2025-11-02,178.42,pending
ord_01224,cust_0145,2026-04-07,372.09,cancelled
ord_01225,cust_0066,2025-09-12,251.2,pending
ord_01226,cust_0167,2026-05-10,273.61,completed
ord_01227,cust_0273,2026-01-30,229.35,cancelled
ord_01228,cust_0123,2025-12-04,303.71,cancelled
ord_01229,cust_0499,2026-04-13,239.3,completed
ord_01230,cust_0107,2026-01-10,393.47,cancelled
ord_01231,cust_0402,2025-11-25,470.8,cancelled
ord_01232,cust_0279,2026-01-09,337.77,completed
ord_01233,cust_0343,2025-07-29,51.22,cancelled
ord_01234,cust_0059,2025-10-27,290.36,pending
ord_01235,cust_0285,2026-01-18,60.41,pending
ord_01236,cust_0158,2026-04-04,459.49,completed
ord_01237,cust_0056,2025-08-31,333.76,cancelled
ord_01238,cust_0168,2025-12-21,244.85,completed
ord_01239,cust_0112,2026-05-18,394.92,cancelled
ord_01240,cust_0415,2025-08-12,15.09,completed
ord_01241,cust_0077,2025-07-30,225.63,completed
ord_01242,cust_0316,2025-12-16,283.74,completed
ord_01243,cust_0349,2026-03-20,423.0,completed
ord_01244,cust_0407,2025-09-15,439.64,completed
ord_01245,cust_0368,2025-11-23,471.9,completed
ord_01246,cust_0299,2026-05-19,18.78,cancelled
ord_01247,cust_0434,2025-12-09,74.31,completed
ord_01248,cust_0190,2026-06-02,434.0,completed
ord_01249,cust_0361,2026-07-03,275.41,completed
ord_01250,cust_0441,2026-05-08,146.23,completed
ord_01251,cust_0222,2026-03-05,341.53,pending
ord_01252,cust_0163,2025-08-17,345.97,pending
ord_01253,cust_0223,2025-12-20,268.48,completed
ord_01254,cust_0072,2025-11-02,102.53,pending
ord_01255,cust_0431,2025-12-31,209.01,completed
ord_01256,cust_0065,2025-07-25,77.44,completed
ord_01257,cust_0009,2025-08-06,81.96,pending
ord_01258,cust_0224,2025-08-01,468.36,completed
ord_01259,cust_0071,2026-05-21,313.64,pending
ord_01260,cust_0458,2025-11-12,381.85,cancelled
ord_01261,cust_0320,2025-11-28,98.61,cancelled
ord_01262,cust_0283,2025-11-28,396.33,pending
ord_01263,cust_0116,2026-01-03,101.39,cancelled
ord_01264,cust_0296,2026-06-30,246.64,completed
ord_01265,cust_0257,2025-07-04,140.2,cancelled
ord_01266,cust_0188,2025-09-11,30.56,completed
ord_01267,cust_0248,2025-09-16,342.77,completed
ord_01268,cust_0247,2025-09-09,462.21,completed
ord_01269,cust_0374,2026-04-22,355.05,completed
ord_01270,cust_0265,2025-11-07,51.38,cancelled
ord_01271,cust_0126,2026-05-19,234.69,completed
ord_01272,cust_0325,2025-07-18,265.73,cancelled
ord_01273,cust_0314,2026-01-25,39.54,completed
ord_01274,cust_0399,2025-10-03,20.01,pending
ord_01275,cust_0464,2025-10-14,233.19,completed
ord_01276,cust_0181,2025-11-30,461.67,completed
ord_01277,cust_0086,2026-02-05,31.43,cancelled
ord_01278,cust_0373,2026-01-29,380.04,completed
ord_01279,cust_0323,2026-06-02,235.02,completed
ord_01280,cust_0027,2025-09-13,320.19,completed
ord_01281,cust_0014,2025-08-18,148.37,completed
ord_01282,cust_0259,2026-04-30,50.74,completed
ord_01283,cust_0068,2026-02-24,301.35,completed
ord_01284,cust_0008,2026-02-22,359.76,cancelled
ord_01285,cust_0466,2026-04-05,290.17,completed
ord_01286,cust_0229,2025-07-31,186.94,completed
ord_01287,cust_0401,2026-02-20,340.86,pending
ord_01288,cust_0410,2026-04-02,260.24,completed
ord_01289,cust_0044,2026-01-09,464.82,cancelled
ord_01290,cust_0429,2026-04-16,245.62,pending
ord_01291,cust_0122,2025-12-19,322.21,completed
ord_01292,cust_0296,2026-03-18,356.48,completed
ord_01293,cust_0329,2026-06-06,137.94,completed
ord_01294,cust_0086,2026-06-07,230.77,pending
ord_01295,cust_0244,2026-01-30,361.96,cancelled
ord_01296,cust_0195,2026-03-06,332.83,pending
ord_01297,cust_0135,2025-11-03,82.49,pending
ord_01298,cust_0148,2026-06-27,446.16,pending
ord_01299,cust_0348,2025-12-20,161.8,cancelled
ord_01300,cust_0490,2025-07-19,34.07,cancelled
ord_01301,cust_0182,2025-08-11,459.63,pending
ord_01302,cust_0471,2025-08-25,318.21,completed
ord_01303,cust_0139,2026-01-13,139.2,completed
ord_01304,cust_0336,2026-02-23,286.64,pending
ord_01305,cust_0384,2025-07-23,127.44,cancelled
ord_01306,cust_0267,2026-03-26,171.89,completed
ord_01307,cust_0281,2026-01-24,19.92,completed
ord_01308,cust_0007,2026-05-30,206.23,cancelled
ord_01309,cust_0351,2026-05-11,222.36,completed
ord_01310,cust_0129,2026-02-08,104.78,completed
ord_01311,cust_0048,2025-08-20,41.45,cancelled
ord_01312,cust_0458,2025-08-01,403.49,cancelled
ord_01313,cust_0063,2025-08-11,344.25,completed
ord_01314,cust_0439,2026-05-20,296.18,pending
ord_01315,cust_0392,2025-08-01,433.45,cancelled
ord_01316,cust_0459,2026-03-31,66.54,completed
ord_01317,cust_0151,2026-02-24,232.13,completed
ord_01318,cust_0233,2025-08-10,444.05,completed
ord_01319,cust_0355,2025-11-27,435.08,completed
ord_01320,cust_0083,2026-02-22,378.04,completed
ord_01321,cust_0196,2026-06-02,195.69,completed
ord_01322,cust_0490,2026-02-21,392.95,completed
ord_01323,cust_0036,2025-11-20,243.65,completed
ord_01324,cust_0202,2025-08-25,97.98,pending
ord_01325,cust_0074,2026-05-09,266.39,pending
ord_01326,cust_0315,2026-03-14,314.15,pending
ord_01327,cust_0053,2026-02-21,31.21,completed
ord_01328,cust_0373,2025-09-14,131.53,pending
ord_01329,cust_0460,2026-06-24,246.43,completed
ord_01330,cust_0341,2026-06-14,196.57,completed
ord_01331,cust_0169,2025-07-10,435.65,cancelled
ord_01332,cust_0264,2026-07-02,344.04,pending
ord_01333,cust_0224,2025-11-01,202.82,completed
ord_01334,cust_0116,2025-09-30,16.54,pending
ord_01335,cust_0291,2026-05-02,263.92,completed
ord_01336,cust_0350,2026-01-14,155.82,completed
ord_01337,cust_0491,2025-08-14,315.89,completed
ord_01338,cust_0437,2025-10-03,461.83,completed
ord_01339,cust_0390,2025-11-10,371.43,completed
ord_01340,cust_0284,2026-04-04,33.29,pending
ord_01341,cust_0098,2025-07-30,153.97,pending
ord_01342,cust_0323,2026-05-10,335.31,pending
ord_01343,cust_0454,2026-05-21,309.25,completed
ord_01344,cust_0019,2026-04-23,104.79,cancelled
ord_01345,cust_0251,2026-03-03,195.78,cancelled
ord_01346,cust_0158,2025-08-08,247.35,pending
ord_01347,cust_0019,2026-06-25,172.77,completed
ord_01348,cust_0208,2026-06-12,69.96,cancelled
ord_01349,cust_0482,2025-11-11,330.31,cancelled
ord_01350,cust_0380,2026-04-18,284.4,completed
ord_01351,cust_0377,2026-06-15,80.84,completed
ord_01352,cust_0465,2025-11-04,441.88,completed
ord_01353,cust_0360,2026-03-01,316.69,completed
ord_01354,cust_0324,2026-04-06,38.23,completed
ord_01355,cust_0234,2026-05-15,299.22,cancelled
ord_01356,cust_0419,2026-06-01,395.12,completed
ord_01357,cust_0305,2025-10-22,386.62,completed
ord_01358,cust_0412,2026-06-01,109.23,completed
ord_01359,cust_0206,2025-07-21,165.77,cancelled
ord_01360,cust_0071,2025-09-27,164.54,completed
ord_01361,cust_0304,2026-06-10,95.65,completed
ord_01362,cust_0141,2026-05-03,80.68,pending
ord_01363,cust_0357,2026-04-08,187.02,completed
ord_01364,cust_0125,2025-11-21,445.44,completed
ord_01365,cust_0052,2026-04-26,382.84,cancelled
ord_01366,cust_0399,2025-12-23,88.36,pending
ord_01367,cust_0004,2026-05-23,18.36,completed
ord_01368,cust_0334,2025-07-07,291.08,completed
ord_01369,cust_0356,2025-12-02,390.45,pending
ord_01370,cust_0065,2025-07-14,110.86,completed
ord_01371,cust_0231,2025-10-09,206.59,completed
ord_01372,cust_0355,2025-08-25,32.49,completed
ord_01373,cust_0314,2025-10-21,456.89,completed
ord_01374,cust_0215,2026-01-06,17.13,completed
ord_01375,cust_0061,2026-03-27,473.77,completed
ord_01376,cust_0186,2025-08-21,416.17,cancelled
ord_01377,cust_0113,2025-10-17,230.86,completed
ord_01378,cust_0028,2026-02-12,105.08,completed
ord_01379,cust_0433,2025-07-18,465.39,pending
ord_01380,cust_0091,2025-10-22,89.29,completed
ord_01381,cust_0331,2026-06-06,184.35,completed
ord_01382,cust_0129,2025-11-23,170.45,pending
ord_01383,cust_0054,2026-06-11,359.29,cancelled
ord_01384,cust_0081,2026-04-04,380.25,pending
ord_01385,cust_0060,2025-10-13,47.95,completed
ord_01386,cust_0304,2025-11-18,284.59,pending
ord_01387,cust_0383,2026-03-24,329.74,completed
ord_01388,cust_0399,2026-03-08,66.21,completed
ord_01389,cust_0122,2026-05-14,358.05,completed
ord_01390,cust_0457,2025-12-23,117.61,pending
ord_01391,cust_0249,2025-09-07,40.27,pending
ord_01392,cust_0111,2026-04-20,446.47,pending
ord_01393,cust_0199,2026-04-03,188.67,pending
ord_01394,cust_0324,2026-03-26,181.74,completed
ord_01395,cust_0172,2026-03-22,74.15,cancelled
ord_01396,cust_0144,2026-06-03,78.47,pending
ord_01397,cust_0215,2025-11-11,94.61,completed
ord_01398,cust_0454,2026-03-13,152.25,completed
ord_01399,cust_0488,2025-08-11,299.36,completed
ord_01400,cust_0497,2025-09-11,272.03,completed
ord_01401,cust_0211,2026-05-20,413.49,pending
ord_01402,cust_0303,2026-03-15,235.17,pending
ord_01403,cust_0008,2026-02-11,354.46,completed
ord_01404,cust_0168,2026-02-27,216.93,completed
ord_01405,cust_0485,2025-09-04,84.27,cancelled
ord_01406,cust_0214,2026-07-01,470.79,completed
ord_01407,cust_0376,2025-11-05,372.4,completed
ord_01408,cust_0272,2025-11-28,198.36,completed
ord_01409,cust_0254,2025-11-14,126.84,cancelled
ord_01410,cust_0355,2026-06-27,355.28,completed
ord_01411,cust_0184,2026-04-27,152.54,completed
ord_01412,cust_0246,2026-06-25,326.1,completed
ord_01413,cust_0236,2025-07-08,413.93,cancelled
ord_01414,cust_0500,2026-06-21,226.5,completed
ord_01415,cust_0208,2025-07-08,101.0,completed
ord_01416,cust_0238,2025-08-17,342.31,completed
ord_01417,cust_0037,2025-08-16,193.97,completed
ord_01418,cust_0017,2025-10-05,152.91,completed
ord_01419,cust_0485,2025-07-11,299.81,cancelled
ord_01420,cust_0404,2026-03-19,333.37,cancelled
ord_01421,cust_0377,2026-01-13,448.49,cancelled
ord_01422,cust_0187,2025-07-23,427.91,completed
ord_01423,cust_0188,2025-12-19,231.39,completed
ord_01424,cust_0188,2025-12-28,96.5,cancelled
ord_01425,cust_0035,2025-07-08,275.75,completed
ord_01426,cust_0172,2026-04-24,125.96,completed
ord_01427,cust_0245,2025-08-05,357.88,cancelled
ord_01428,cust_0108,2025-07-09,365.23,completed
ord_01429,cust_0181,2026-01-20,432.54,cancelled
ord_01430,cust_0217,2025-07-20,143.87,completed
ord_01431,cust_0177,2025-12-25,225.37,cancelled
ord_01432,cust_0425,2025-10-07,72.06,cancelled
ord_01433,cust_0423,2025-07-21,262.78,completed
ord_01434,cust_0318,2025-11-14,186.19,completed
ord_01435,cust_0457,2026-03-29,426.05,completed
ord_01436,cust_0201,2026-05-23,432.54,completed
ord_01437,cust_0056,2026-05-25,91.62,completed
ord_01438,cust_0076,2025-07-12,245.79,completed
ord_01439,cust_0488,2025-10-10,306.68,completed
ord_01440,cust_0497,2025-12-02,332.32,completed
ord_01441,cust_0178,2025-11-03,210.36,completed
ord_01442,cust_0097,2026-02-04,44.27,completed
ord_01443,cust_0331,2025-10-10,171.18,cancelled
ord_01444,cust_0336,2026-01-09,315.41,completed
ord_01445,cust_0304,2025-10-28,324.62,cancelled
ord_01446,cust_0228,2025-09-26,227.97,cancelled
ord_01447,cust_0460,2026-04-27,382.05,completed
ord_01448,cust_0117,2026-02-20,240.17,completed
ord_01449,cust_0076,2026-06-09,179.2,pending
ord_01450,cust_0317,2026-04-09,444.72,cancelled
ord_01451,cust_0094,2026-02-07,467.54,completed
ord_01452,cust_0122,2026-04-12,69.37,completed
ord_01453,cust_0065,2025-09-12,220.01,completed
ord_01454,cust_0106,2026-03-31,276.56,completed
ord_01455,cust_0163,2025-07-28,469.78,completed
ord_01456,cust_0230,2025-12-25,266.04,completed
ord_01457,cust_0155,2025-10-03,71.49,completed
ord_01458,cust_0477,2025-12-08,247.23,completed
ord_01459,cust_0476,2025-11-11,163.9,completed
ord_01460,cust_0500,2025-09-27,250.95,completed
ord_01461,cust_0459,2025-11-03,149.77,cancelled
ord_01462,cust_0076,2025-07-27,386.8,pending
ord_01463,cust_0353,2026-01-11,67.23,pending
ord_01464,cust_0072,2026-06-13,330.27,completed
ord_01465,cust_0013,2026-01-27,201.76,completed
ord_01466,cust_0183,2025-11-17,58.0,completed
ord_01467,cust_0329,2025-08-26,105.74,cancelled
ord_01468,cust_0401,2026-03-12,450.08,completed
ord_01469,cust_0012,2026-03-25,53.87,pending
ord_01470,cust_0344,2025-07-22,460.3,cancelled
ord_01471,cust_0100,2025-12-14,243.07,cancelled
ord_01472,cust_0262,2025-08-28,453.68,completed
ord_01473,cust_0076,2025-12-12,347.92,pending
ord_01474,cust_0198,2025-12-26,188.37,completed
ord_01475,cust_0180,2026-01-08,158.26,pending
ord_01476,cust_0045,2025-09-19,115.3,pending
ord_01477,cust_0412,2025-12-03,220.76,completed
ord_01478,cust_0374,2025-11-28,431.84,completed
ord_01479,cust_0307,2025-09-06,55.03,completed
ord_01480,cust_0244,2026-01-29,474.6,cancelled
ord_01481,cust_0034,2026-01-13,448.92,cancelled
ord_01482,cust_0046,2025-12-23,18.08,completed
ord_01483,cust_0090,2025-12-03,273.45,cancelled
ord_01484,cust_0103,2026-04-24,101.49,pending
ord_01485,cust_0284,2026-02-05,243.12,completed
ord_01486,cust_0156,2025-09-07,244.76,pending
ord_01487,cust_0014,2026-03-11,382.92,completed
ord_01488,cust_0154,2026-02-19,459.55,pending
ord_01489,cust_0335,2026-05-01,324.65,completed
ord_01490,cust_0092,2025-12-02,243.73,completed
ord_01491,cust_0062,2026-06-19,370.59,pending
ord_01492,cust_0307,2026-05-30,361.69,cancelled
ord_01493,cust_0290,2025-10-30,217.77,completed
ord_01494,cust_0352,2025-08-16,236.36,completed
ord_01495,cust_0263,2025-12-24,355.83,completed
ord_01496,cust_0084,2026-02-21,285.47,completed
ord_01497,cust_0237,2026-01-21,423.42,completed
ord_01498,cust_0084,2026-01-02,39.59,completed
ord_01499,cust_0326,2025-12-01,439.13,completed
ord_01500,cust_0149,2026-06-09,150.62,completed
ord_01501,cust_0100,2025-10-13,371.4,completed
ord_01502,cust_0307,2026-05-16,364.97,cancelled
ord_01503,cust_0447,2026-01-19,162.04,completed
ord_01504,cust_0351,2026-02-15,339.55,completed
ord_01505,cust_0274,2026-05-15,284.72,completed
ord_01506,cust_0071,2026-06-27,255.95,completed
ord_01507,cust_0211,2025-10-28,173.25,completed
ord_01508,cust_0112,2026-05-12,86.87,completed
ord_01509,cust_0408,2026-03-29,432.13,cancelled
ord_01510,cust_0426,2025-07-15,457.91,cancelled
ord_01511,cust_0283,2025-07-04,341.55,completed
ord_01512,cust_0236,2025-12-02,440.95,completed
ord_01513,cust_0473,2026-04-27,23.08,completed
ord_01514,cust_0354,2026-01-25,183.59,pending
ord_01515,cust_0268,2025-09-01,370.07,completed
ord_01516,cust_0364,2026-04-06,156.68,completed
ord_01517,cust_0066,2026-03-12,413.42,completed
ord_01518,cust_0117,2025-07-16,157.95,completed
ord_01519,cust_0041,2026-04-28,212.53,completed
ord_01520,cust_0010,2026-05-25,375.23,pending
ord_01521,cust_0101,2026-06-12,65.14,cancelled
ord_01522,cust_0031,2025-09-03,233.12,completed
ord_01523,cust_0034,2026-06-11,155.27,completed
ord_01524,cust_0401,2026-05-15,72.56,cancelled
ord_01525,cust_0301,2026-03-20,434.05,completed
ord_01526,cust_0180,2025-07-25,28.61,completed
ord_01527,cust_0486,2026-02-11,284.58,completed
ord_01528,cust_0438,2026-04-12,247.8,cancelled
ord_01529,cust_0259,2026-03-02,280.16,completed
ord_01530,cust_0391,2025-09-10,21.5,completed
ord_01531,cust_0494,2026-03-27,146.06,cancelled
ord_01532,cust_0499,2026-07-01,352.29,completed
ord_01533,cust_0436,2025-10-18,344.11,completed
ord_01534,cust_0302,2025-07-11,101.08,completed
ord_01535,cust_0428,2026-04-02,179.99,pending
ord_01536,cust_0110,2025-11-28,254.13,pending
ord_01537,cust_0390,2026-05-07,472.84,completed
ord_01538,cust_0057,2025-11-07,256.67,pending
ord_01539,cust_0361,2025-12-31,149.05,completed
ord_01540,cust_0168,2026-05-22,244.58,pending
ord_01541,cust_0234,2026-02-08,294.18,completed
ord_01542,cust_0500,2025-07-17,406.11,completed
ord_01543,cust_0209,2025-09-23,150.12,pending
ord_01544,cust_0439,2026-03-29,47.37,pending
ord_01545,cust_0189,2025-07-21,98.37,pending
ord_01546,cust_0054,2025-07-24,199.31,cancelled
ord_01547,cust_0347,2025-07-31,54.53,completed
ord_01548,cust_0206,2025-12-13,338.19,completed
ord_01549,cust_0034,2026-04-08,184.13,completed
ord_01550,cust_0103,2026-01-11,291.66,pending
ord_01551,cust_0120,2026-05-02,404.72,pending
ord_01552,cust_0392,2026-02-11,346.77,cancelled
ord_01553,cust_0140,2025-09-03,366.68,pending
ord_01554,cust_0244,2026-01-02,325.0,pending
ord_01555,cust_0262,2025-10-28,144.68,pending
ord_01556,cust_0063,2026-05-09,131.57,pending
ord_01557,cust_0322,2026-03-07,453.22,completed
ord_01558,cust_0378,2026-05-14,39.58,completed
ord_01559,cust_0348,2025-10-21,27.44,completed
ord_01560,cust_0310,2025-12-20,330.83,completed
ord_01561,cust_0319,2026-01-29,304.8,completed
ord_01562,cust_0385,2025-07-30,256.78,pending
ord_01563,cust_0104,2025-11-07,151.51,pending
ord_01564,cust_0259,2025-10-25,136.67,completed
ord_01565,cust_0280,2025-09-30,23.22,completed
ord_01566,cust_0451,2025-11-25,440.45,pending
ord_01567,cust_0162,2025-11-15,411.59,pending
ord_01568,cust_0019,2025-11-10,30.28,cancelled
ord_01569,cust_0441,2025-07-31,377.41,completed
ord_01570,cust_0221,2025-10-25,77.54,pending
ord_01571,cust_0392,2025-10-27,65.86,pending
ord_01572,cust_0284,2025-07-31,333.7,cancelled
ord_01573,cust_0244,2025-11-05,276.45,completed
ord_01574,cust_0029,2025-10-17,196.99,pending
ord_01575,cust_0498,2025-09-04,190.68,completed
ord_01576,cust_0165,2026-02-08,43.56,cancelled
ord_01577,cust_0066,2026-06-10,404.17,completed
ord_01578,cust_0014,2025-09-08,370.82,completed
ord_01579,cust_0050,2025-12-21,214.09,completed
ord_01580,cust_0180,2025-12-05,41.25,completed
ord_01581,cust_0121,2026-02-27,316.36,cancelled
ord_01582,cust_0467,2026-05-21,334.92,completed
ord_01583,cust_0173,2026-05-06,93.95,cancelled
ord_01584,cust_0020,2026-01-18,229.32,pending
ord_01585,cust_0264,2025-09-16,434.16,completed
ord_01586,cust_0357,2026-06-23,233.41,completed
ord_01587,cust_0194,2026-01-22,280.21,completed
ord_01588,cust_0051,2025-09-13,390.87,completed
ord_01589,cust_0346,2025-07-15,110.75,pending
ord_01590,cust_0416,2025-10-19,370.68,completed
ord_01591,cust_0315,2026-04-09,154.28,pending
ord_01592,cust_0255,2026-03-22,310.48,completed
ord_01593,cust_0110,2025-10-02,148.62,completed
ord_01594,cust_0294,2026-02-01,201.94,completed
ord_01595,cust_0381,2025-08-18,460.44,cancelled
ord_01596,cust_0304,2026-05-16,171.63,completed
ord_01597,cust_0411,2025-09-16,261.94,pending
ord_01598,cust_0178,2026-03-18,384.98,completed
ord_01599,cust_0412,2025-10-18,154.46,cancelled
ord_01600,cust_0103,2026-01-24,207.66,completed
ord_01601,cust_0264,2025-08-18,225.75,cancelled
ord_01602,cust_0452,2026-04-02,23.65,cancelled
ord_01603,cust_0296,2026-03-30,247.13,pending
ord_01604,cust_0480,2026-02-16,311.64,cancelled
ord_01605,cust_0479,2025-11-23,278.24,completed
ord_01606,cust_0103,2025-10-09,184.39,completed
ord_01607,cust_0078,2026-03-02,362.09,completed
ord_01608,cust_0211,2025-11-23,163.17,completed
ord_01609,cust_0105,2025-08-13,408.37,completed
ord_01610,cust_0331,2026-02-07,89.67,cancelled
ord_01611,cust_0208,2026-03-05,125.89,completed
ord_01612,cust_0015,2026-03-27,129.2,completed
ord_01613,cust_0249,2025-11-08,275.32,pending
ord_01614,cust_0332,2025-11-29,436.13,completed
ord_01615,cust_0140,2026-04-13,78.44,completed
ord_01616,cust_0338,2026-02-11,271.08,completed
ord_01617,cust_0401,2025-10-28,24.26,completed
ord_01618,cust_0309,2026-01-24,153.56,completed
ord_01619,cust_0460,2025-12-07,184.0,completed
ord_01620,cust_0483,2025-12-12,405.51,completed
ord_01621,cust_0058,2026-03-05,280.5,cancelled
ord_01622,cust_0268,2026-05-03,323.86,cancelled
ord_01623,cust_0129,2025-10-08,245.85,completed
ord_01624,cust_0308,2026-03-04,71.86,completed
ord_01625,cust_0427,2026-01-16,286.71,pending
ord_01626,cust_0479,2026-03-05,211.63,completed
ord_01627,cust_0090,2026-05-10,114.56,completed
ord_01628,cust_0210,2025-11-20,133.25,cancelled
ord_01629,cust_0252,2026-06-05,263.06,completed
ord_01630,cust_0280,2026-01-22,212.06,completed
ord_01631,cust_0451,2026-02-11,379.69,completed
ord_01632,cust_0244,2025-12-30,347.79,completed
ord_01633,cust_0331,2026-06-23,464.56,cancelled
ord_01634,cust_0431,2026-06-16,358.84,completed
ord_01635,cust_0470,2025-07-15,381.79,completed
ord_01636,cust_0283,2026-02-24,193.88,completed
ord_01637,cust_0063,2025-07-18,263.73,completed
ord_01638,cust_0199,2025-11-19,18.66,pending
ord_01639,cust_0155,2026-02-23,56.97,completed
ord_01640,cust_0108,2026-02-01,414.63,completed
ord_01641,cust_0324,2025-11-21,162.49,pending
ord_01642,cust_0141,2026-06-16,417.9,pending
ord_01643,cust_0378,2025-11-04,207.03,completed
ord_01644,cust_0449,2025-11-29,442.12,completed
ord_01645,cust_0358,2026-04-12,136.35,completed
ord_01646,cust_0216,2026-01-04,294.98,cancelled
ord_01647,cust_0233,2026-01-17,338.27,completed
ord_01648,cust_0329,2025-08-09,100.44,pending
ord_01649,cust_0070,2025-08-09,16.43,completed
ord_01650,cust_0157,2025-08-16,160.88,completed
ord_01651,cust_0081,2026-05-08,131.07,completed
ord_01652,cust_0352,2025-09-02,205.8,completed
ord_01653,cust_0245,2025-11-14,421.18,completed
ord_01654,cust_0089,2026-02-20,334.67,completed
ord_01655,cust_0102,2026-02-09,54.25,completed
ord_01656,cust_0202,2026-04-01,422.52,cancelled
ord_01657,cust_0011,2026-03-11,455.87,cancelled
ord_01658,cust_0314,2025-08-06,306.38,completed
ord_01659,cust_0102,2025-11-09,136.73,completed
ord_01660,cust_0206,2026-06-08,302.37,cancelled
ord_01661,cust_0077,2026-02-20,56.41,completed
ord_01662,cust_0485,2026-04-07,278.77,completed
ord_01663,cust_0223,2025-10-07,374.61,pending
ord_01664,cust_0254,2025-07-24,70.11,completed
ord_01665,cust_0485,2026-03-28,415.8,completed
ord_01666,cust_0383,2026-02-06,244.79,completed
ord_01667,cust_0439,2025-11-25,111.07,completed
ord_01668,cust_0373,2026-02-09,329.89,pending
ord_01669,cust_0210,2026-04-02,383.5,completed
ord_01670,cust_0500,2026-02-05,136.74,cancelled
ord_01671,cust_0465,2025-11-15,130.47,cancelled
ord_01672,cust_0332,2025-07-18,228.05,completed
ord_01673,cust_0069,2025-11-05,420.22,pending
ord_01674,cust_0109,2025-07-17,346.7,pending
ord_01675,cust_0132,2025-09-01,48.97,cancelled
ord_01676,cust_0027,2026-06-03,169.78,completed
ord_01677,cust_0466,2025-11-04,179.75,cancelled
ord_01678,cust_0496,2025-07-25,388.05,completed
ord_01679,cust_0130,2026-07-01,249.61,pending
ord_01680,cust_0203,2026-01-30,327.14,completed
ord_01681,cust_0022,2025-09-20,284.93,completed
ord_01682,cust_0258,2026-04-08,244.17,completed
ord_01683,cust_0068,2025-11-06,56.69,cancelled
ord_01684,cust_0073,2025-11-24,136.09,completed
ord_01685,cust_0066,2026-06-11,247.13,completed
ord_01686,cust_0475,2025-12-31,214.99,completed
ord_01687,cust_0425,2025-08-24,369.13,completed
ord_01688,cust_0161,2025-10-12,217.64,completed
ord_01689,cust_0378,2026-01-23,477.47,completed
ord_01690,cust_0437,2025-09-22,444.13,pending
ord_01691,cust_0097,2026-06-06,84.11,completed
ord_01692,cust_0019,2026-04-01,233.67,completed
ord_01693,cust_0240,2025-07-07,217.94,pending
ord_01694,cust_0227,2026-06-13,180.78,cancelled
ord_01695,cust_0235,2025-10-28,244.24,completed
ord_01696,cust_0179,2026-05-01,58.51,completed
ord_01697,cust_0428,2026-04-02,93.26,cancelled
ord_01698,cust_0289,2026-02-14,429.27,cancelled
ord_01699,cust_0299,2026-03-17,479.07,completed
ord_01700,cust_0393,2025-10-07,280.42,pending
ord_01701,cust_0127,2026-05-25,372.24,completed
ord_01702,cust_0014,2026-01-16,147.19,completed
ord_01703,cust_0192,2025-12-14,289.51,completed
ord_01704,cust_0079,2026-01-19,28.43,pending
ord_01705,cust_0338,2025-07-06,238.13,completed
ord_01706,cust_0337,2025-09-02,17.7,completed
ord_01707,cust_0319,2025-08-02,457.17,completed
ord_01708,cust_0067,2025-09-15,113.29,completed
ord_01709,cust_0145,2025-08-08,165.27,completed
ord_01710,cust_0281,2026-05-28,457.63,pending
ord_01711,cust_0205,2026-05-17,133.65,completed
ord_01712,cust_0046,2025-12-11,24.54,completed
ord_01713,cust_0199,2026-04-11,377.46,completed
ord_01714,cust_0386,2025-08-06,458.81,completed
ord_01715,cust_0153,2026-05-03,243.24,pending
ord_01716,cust_0463,2026-01-26,333.51,completed
ord_01717,cust_0341,2026-01-01,59.69,completed
ord_01718,cust_0103,2025-10-14,242.67,pending
ord_01719,cust_0138,2025-11-02,276.82,pending
ord_01720,cust_0388,2026-05-18,211.48,completed
ord_01721,cust_0096,2025-08-23,216.86,pending
ord_01722,cust_0021,2026-05-17,253.7,pending
ord_01723,cust_0115,2025-07-22,316.14,completed
ord_01724,cust_0270,2025-10-23,307.75,cancelled
ord_01725,cust_0149,2026-05-22,232.72,completed
ord_01726,cust_0154,2025-11-01,84.1,completed
ord_01727,cust_0463,2025-07-18,154.69,completed
ord_01728,cust_0219,2025-10-09,152.4,completed
ord_01729,cust_0040,2025-09-24,441.55,cancelled
ord_01730,cust_0262,2026-05-09,212.58,completed
ord_01731,cust_0339,2025-11-08,349.94,completed
ord_01732,cust_0131,2026-01-03,287.29,cancelled
ord_01733,cust_0059,2026-06-25,359.34,pending
ord_01734,cust_0403,2026-04-03,99.73,pending
ord_01735,cust_0043,2026-06-10,208.56,completed
ord_01736,cust_0301,2026-01-24,351.7,pending
ord_01737,cust_0414,2025-08-18,138.26,completed
ord_01738,cust_0095,2026-03-17,51.37,cancelled
ord_01739,cust_0447,2026-02-21,328.14,pending
ord_01740,cust_0010,2025-10-03,17.72,completed
ord_01741,cust_0088,2026-06-27,319.95,pending
ord_01742,cust_0208,2025-07-14,418.98,cancelled
ord_01743,cust_0156,2025-10-27,302.6,cancelled
ord_01744,cust_0354,2025-12-31,328.32,pending
ord_01745,cust_0045,2026-01-30,73.17,completed
ord_01746,cust_0058,2026-03-28,394.43,completed
ord_01747,cust_0108,2026-06-20,238.72,completed
ord_01748,cust_0124,2025-08-05,217.64,cancelled
ord_01749,cust_0045,2026-03-28,154.93,pending
ord_01750,cust_0243,2026-04-19,211.17,completed
ord_01751,cust_0463,2026-04-09,85.88,pending
ord_01752,cust_0242,2025-10-28,24.13,pending
ord_01753,cust_0125,2025-09-07,108.62,cancelled
ord_01754,cust_0027,2025-12-15,170.24,completed
ord_01755,cust_0434,2025-08-15,346.59,pending
ord_01756,cust_0378,2025-10-23,284.08,cancelled
ord_01757,cust_0019,2026-02-05,241.69,pending
ord_01758,cust_0303,2025-10-14,351.95,pending
ord_01759,cust_0366,2026-03-07,43.23,completed
ord_01760,cust_0296,2025-11-29,161.87,completed
ord_01761,cust_0458,2026-02-16,316.46,pending
ord_01762,cust_0254,2026-05-05,304.55,completed
ord_01763,cust_0358,2025-11-16,217.85,completed
ord_01764,cust_0372,2026-02-06,104.37,completed
ord_01765,cust_0119,2025-11-21,251.05,cancelled
ord_01766,cust_0174,2025-07-18,443.61,pending
ord_01767,cust_0453,2026-04-27,151.43,pending
ord_01768,cust_0427,2025-12-02,452.66,completed
ord_01769,cust_0410,2025-11-04,466.49,completed
ord_01770,cust_0107,2025-08-19,146.34,completed
ord_01771,cust_0248,2025-07-27,75.03,completed
ord_01772,cust_0311,2026-04-14,243.87,pending
ord_01773,cust_0156,2025-10-24,124.14,cancelled
ord_01774,cust_0010,2026-06-09,181.84,completed
ord_01775,cust_0347,2026-01-02,88.75,cancelled
ord_01776,cust_0414,2026-06-17,44.6,pending
ord_01777,cust_0317,2026-05-06,120.41,cancelled
ord_01778,cust_0250,2026-03-11,134.89,completed
ord_01779,cust_0394,2026-01-03,36.7,cancelled
ord_01780,cust_0459,2026-02-17,85.3,cancelled
ord_01781,cust_0343,2025-08-28,63.43,completed
ord_01782,cust_0410,2025-11-21,227.57,completed
ord_01783,cust_0401,2026-05-10,298.92,completed
ord_01784,cust_0022,2025-09-19,250.9,completed
ord_01785,cust_0061,2025-08-15,419.95,completed
ord_01786,cust_0373,2026-04-14,150.84,pending
ord_01787,cust_0256,2025-10-17,355.64,completed
ord_01788,cust_0332,2026-04-16,184.14,completed
ord_01789,cust_0435,2026-05-02,108.88,pending
ord_01790,cust_0126,2026-06-30,403.19,pending
ord_01791,cust_0147,2026-01-10,249.84,completed
ord_01792,cust_0191,2026-02-17,347.57,pending
ord_01793,cust_0323,2025-12-31,324.22,completed
ord_01794,cust_0216,2025-10-05,381.06,completed
ord_01795,cust_0212,2025-11-26,441.88,pending
ord_01796,cust_0407,2025-10-12,332.22,completed
ord_01797,cust_0075,2025-11-19,373.12,cancelled
ord_01798,cust_0044,2026-05-29,172.31,pending
ord_01799,cust_0223,2026-04-10,43.58,completed
ord_01800,cust_0473,2025-07-30,313.28,cancelled
ord_01801,cust_0324,2026-06-04,470.72,cancelled
ord_01802,cust_0215,2026-02-02,201.93,cancelled
ord_01803,cust_0370,2026-01-29,360.35,completed
ord_01804,cust_0424,2026-06-29,145.1,cancelled
ord_01805,cust_0472,2025-08-25,83.29,pending
ord_01806,cust_0330,2025-11-17,110.39,cancelled
ord_01807,cust_0404,2025-08-18,302.46,pending
ord_01808,cust_0177,2025-07-11,427.77,pending
ord_01809,cust_0452,2026-03-24,155.21,completed
ord_01810,cust_0172,2025-10-01,196.35,completed
ord_01811,cust_0277,2025-10-10,147.03,completed
ord_01812,cust_0283,2025-10-15,160.2,completed
ord_01813,cust_0082,2025-08-12,25.89,cancelled
ord_01814,cust_0133,2025-09-03,127.22,completed
ord_01815,cust_0259,2025-11-29,66.36,completed
ord_01816,cust_0133,2025-12-25,306.55,completed
ord_01817,cust_0025,2026-05-01,366.8,completed
ord_01818,cust_0153,2025-11-16,281.18,completed
ord_01819,cust_0174,2025-11-13,472.07,cancelled
ord_01820,cust_0366,2025-09-17,430.87,cancelled
ord_01821,cust_0120,2025-09-02,177.91,completed
ord_01822,cust_0402,2025-07-27,394.01,cancelled
ord_01823,cust_0072,2025-07-24,347.17,cancelled
ord_01824,cust_0054,2026-02-27,167.45,cancelled
ord_01825,cust_0422,2026-03-27,377.03,pending
ord_01826,cust_0076,2026-05-14,345.91,pending
ord_01827,cust_0048,2026-05-23,43.92,completed
ord_01828,cust_0110,2025-11-02,222.47,completed
ord_01829,cust_0270,2025-07-22,202.28,cancelled
ord_01830,cust_0399,2025-10-11,198.57,completed
ord_01831,cust_0256,2025-09-07,310.95,pending
ord_01832,cust_0477,2025-07-16,455.74,pending
ord_01833,cust_0074,2026-04-11,250.19,pending
ord_01834,cust_0235,2025-07-04,75.16,cancelled
ord_01835,cust_0061,2025-10-06,337.93,pending
ord_01836,cust_0017,2025-11-03,362.12,cancelled
ord_01837,cust_0472,2025-12-26,457.6,cancelled
ord_01838,cust_0057,2025-12-06,71.2,cancelled
ord_01839,cust_0021,2026-02-05,258.09,completed
ord_01840,cust_0157,2025-12-25,475.82,completed
ord_01841,cust_0249,2026-02-03,28.01,completed
ord_01842,cust_0402,2026-04-22,289.18,completed
ord_01843,cust_0456,2026-01-28,146.82,completed
ord_01844,cust_0002,2025-10-26,71.88,completed
ord_01845,cust_0446,2026-05-30,35.78,pending
ord_01846,cust_0159,2025-09-13,278.08,completed
ord_01847,cust_0244,2025-12-22,403.02,cancelled
ord_01848,cust_0391,2026-04-27,79.41,pending
ord_01849,cust_0342,2025-11-15,223.82,completed
ord_01850,cust_0410,2026-05-19,305.52,cancelled
ord_01851,cust_0199,2025-12-06,123.26,pending
ord_01852,cust_0277,2026-01-11,36.31,pending
ord_01853,cust_0331,2026-02-11,56.17,completed
ord_01854,cust_0013,2025-07-06,280.98,completed
ord_01855,cust_0331,2025-09-19,72.56,cancelled
ord_01856,cust_0099,2026-05-21,459.15,cancelled
ord_01857,cust_0388,2025-09-11,39.59,cancelled
ord_01858,cust_0097,2025-10-09,364.01,cancelled
ord_01859,cust_0062,2026-06-24,321.09,cancelled
ord_01860,cust_0493,2026-04-02,23.82,completed
ord_01861,cust_0425,2026-02-28,343.11,cancelled
ord_01862,cust_0044,2025-11-18,390.22,cancelled
ord_01863,cust_0206,2026-01-20,288.84,pending
ord_01864,cust_0175,2026-06-22,218.21,pending
ord_01865,cust_0441,2026-06-21,260.47,pending
ord_01866,cust_0047,2026-02-22,68.31,completed
ord_01867,cust_0087,2025-09-29,147.69,completed
ord_01868,cust_0394,2026-02-23,56.68,completed
ord_01869,cust_0348,2025-12-07,93.67,cancelled
ord_01870,cust_0093,2026-01-18,27.63,completed
ord_01871,cust_0200,2026-02-01,60.92,completed
ord_01872,cust_0458,2025-12-04,165.76,pending
ord_01873,cust_0027,2026-05-03,109.19,cancelled
ord_01874,cust_0122,2025-09-06,244.24,cancelled
ord_01875,cust_0487,2025-12-18,68.51,completed
ord_01876,cust_0238,2026-01-22,272.2,completed
ord_01877,cust_0015,2025-10-29,204.48,completed
ord_01878,cust_0138,2026-06-24,272.64,cancelled
ord_01879,cust_0052,2025-07-23,129.54,cancelled
ord_01880,cust_0403,2025-08-04,73.39,cancelled
ord_01881,cust_0229,2025-12-07,54.02,cancelled
ord_01882,cust_0401,2026-03-21,465.08,completed
ord_01883,cust_0087,2025-09-30,378.64,cancelled
ord_01884,cust_0493,2025-11-29,438.84,pending
ord_01885,cust_0001,2026-06-12,392.88,cancelled
ord_01886,cust_0335,2026-02-05,467.02,completed
ord_01887,cust_0478,2026-06-03,443.64,completed
ord_01888,cust_0129,2025-08-31,405.36,pending
ord_01889,cust_0432,2026-01-05,308.98,cancelled
ord_01890,cust_0145,2025-10-15,36.15,cancelled
ord_01891,cust_0036,2025-09-18,154.8,pending
ord_01892,cust_0063,2025-07-11,401.18,cancelled
ord_01893,cust_0450,2026-02-10,215.86,cancelled
ord_01894,cust_0491,2025-10-18,387.96,completed
ord_01895,cust_0134,2025-08-12,470.53,pending
ord_01896,cust_0126,2026-02-14,322.96,completed
ord_01897,cust_0108,2026-01-10,228.81,cancelled
ord_01898,cust_0009,2026-01-16,440.02,completed
ord_01899,cust_0473,2025-08-07,15.95,pending
ord_01900,cust_0462,2026-07-01,19.45,completed
ord_01901,cust_0285,2025-12-04,431.3,pending
ord_01902,cust_0276,2025-12-14,52.73,completed
ord_01903,cust_0016,2025-10-01,430.05,pending
ord_01904,cust_0064,2025-07-24,179.14,pending
ord_01905,cust_0184,2025-08-30,194.84,completed
ord_01906,cust_0237,2026-05-01,187.27,completed
ord_01907,cust_0005,2025-11-18,118.01,completed
ord_01908,cust_0349,2026-02-10,443.45,completed
ord_01909,cust_0047,2026-03-27,394.57,completed
ord_01910,cust_0120,2026-03-12,470.76,completed
ord_01911,cust_0144,2026-06-15,244.17,cancelled
ord_01912,cust_0004,2026-03-18,106.18,pending
ord_01913,cust_0446,2026-05-08,143.97,cancelled
ord_01914,cust_0088,2025-10-24,271.58,cancelled
ord_01915,cust_0350,2025-07-24,295.38,completed
ord_01916,cust_0302,2026-05-31,74.63,completed
ord_01917,cust_0133,2026-04-29,449.11,completed
ord_01918,cust_0374,2025-10-09,378.75,completed
ord_01919,cust_0012,2025-07-21,476.26,cancelled
ord_01920,cust_0130,2025-08-23,331.52,pending
ord_01921,cust_0481,2026-07-02,213.61,completed
ord_01922,cust_0222,2026-01-19,407.62,pending
ord_01923,cust_0063,2026-02-13,331.28,pending
ord_01924,cust_0186,2025-10-23,255.52,completed
ord_01925,cust_0025,2026-03-11,144.24,pending
ord_01926,cust_0230,2025-10-04,162.05,pending
ord_01927,cust_0172,2026-03-26,53.04,cancelled
ord_01928,cust_0378,2026-06-21,119.92,pending
ord_01929,cust_0470,2026-05-26,131.24,completed
ord_01930,cust_0160,2026-01-16,44.22,completed
ord_01931,cust_0246,2026-06-19,215.86,completed
ord_01932,cust_0409,2025-09-03,306.23,completed
ord_01933,cust_0127,2026-02-25,65.15,completed
ord_01934,cust_0427,2026-01-10,40.31,completed
ord_01935,cust_0407,2025-10-10,125.09,completed
ord_01936,cust_0318,2025-08-30,218.92,completed
ord_01937,cust_0229,2025-08-17,284.2,completed
ord_01938,cust_0470,2026-06-02,30.5,completed
ord_01939,cust_0034,2025-07-13,378.93,completed
ord_01940,cust_0029,2025-11-19,155.18,pending
ord_01941,cust_0053,2026-05-31,330.07,cancelled
ord_01942,cust_0151,2026-06-07,410.22,pending
ord_01943,cust_0317,2026-05-15,364.66,completed
ord_01944,cust_0404,2025-08-31,321.77,completed
ord_01945,cust_0197,2025-11-13,230.86,pending
ord_01946,cust_0318,2025-08-20,62.09,completed
ord_01947,cust_0265,2025-11-13,167.61,completed
ord_01948,cust_0053,2026-05-09,20.71,completed
ord_01949,cust_0405,2025-09-03,405.96,cancelled
ord_01950,cust_0327,2026-04-30,251.64,completed
ord_01951,cust_0247,2025-11-30,351.95,pending
ord_01952,cust_0125,2026-03-30,79.02,completed
ord_01953,cust_0066,2026-06-03,159.93,pending
ord_01954,cust_0492,2025-10-14,318.04,completed
ord_01955,cust_0299,2026-01-25,426.63,completed
ord_01956,cust_0241,2026-04-19,158.53,completed
ord_01957,cust_0189,2026-02-04,466.18,cancelled
ord_01958,cust_0337,2025-09-06,330.41,completed
ord_01959,cust_0260,2026-03-04,395.92,cancelled
ord_01960,cust_0217,2026-06-06,174.87,completed
ord_01961,cust_0466,2025-08-10,108.59,completed
ord_01962,cust_0097,2026-01-10,325.55,pending
ord_01963,cust_0355,2025-08-30,168.98,cancelled
ord_01964,cust_0494,2025-09-17,171.08,completed
ord_01965,cust_0169,2025-12-01,90.46,pending
ord_01966,cust_0254,2026-06-12,117.02,completed
ord_01967,cust_0115,2025-08-10,337.35,pending
ord_01968,cust_0110,2025-08-18,126.14,completed
ord_01969,cust_0106,2025-12-23,201.15,completed
ord_01970,cust_0006,2025-12-30,49.28,completed
ord_01971,cust_0059,2025-09-22,81.22,pending
ord_01972,cust_0324,2026-03-26,287.34,completed
ord_01973,cust_0500,2026-06-11,28.8,completed
ord_01974,cust_0090,2026-02-08,116.81,completed
ord_01975,cust_0174,2026-04-05,409.1,completed
ord_01976,cust_0101,2026-04-03,24.99,completed
ord_01977,cust_0011,2026-05-13,401.62,completed
ord_01978,cust_0336,2025-12-21,381.15,completed
ord_01979,cust_0480,2026-01-11,112.76,pending
ord_01980,cust_0190,2026-03-03,391.41,completed
ord_01981,cust_0410,2025-10-07,478.93,pending
ord_01982,cust_0034,2025-07-04,70.1,completed
ord_01983,cust_0099,2026-03-28,262.64,completed
ord_01984,cust_0307,2026-01-22,214.74,completed
ord_01985,cust_0391,2026-06-10,301.45,completed
ord_01986,cust_0151,2025-10-02,382.16,completed
ord_01987,cust_0028,2026-02-27,307.7,completed
ord_01988,cust_0436,2026-04-30,251.35,cancelled
ord_01989,cust_0108,2025-10-26,353.19,pending
ord_01990,cust_0315,2025-07-29,45.17,cancelled
ord_01991,cust_0385,2025-12-17,425.33,cancelled
ord_01992,cust_0256,2025-12-24,256.28,completed
ord_01993,cust_0365,2026-01-20,188.85,pending
ord_01994,cust_0243,2025-10-23,139.78,pending
ord_01995,cust_0472,2025-08-11,382.64,completed
ord_01996,cust_0113,2026-03-19,431.12,pending
ord_01997,cust_0203,2026-03-05,116.65,pending
ord_01998,cust_0293,2025-12-22,88.1,completed
ord_01999,cust_0282,2026-02-23,54.41,completed
ord_02000,cust_0228,2026-02-02,256.25,completed
